#""Wavelength (nm)""",Global tilt  W*m-2*nm-1,Direct+circumsolar W*m-2*nm-1,Photon Flux (Global Tilt)
280,4.7309E-23,2.5361E-26,2.9915E-21
280.5,1.2307E-21,1.0917E-24,7.8100E-20
281,5.6895E-21,6.1253E-24,3.6234E-19
281.5,1.5662E-19,2.7479E-22,1.0010E-17
282,1.1946E-18,2.8346E-21,7.6622E-17
282.5,4.5436E-18,1.3271E-20,2.9246E-16
283,1.8452E-17,6.7646E-20,1.1919E-15
283.5,3.5360E-17,1.4614E-19,2.2922E-15
284,7.2670E-16,4.9838E-18,4.7274E-14
284.5,2.4856E-15,2.1624E-17,1.6227E-13
285,8.0142E-15,8.9998E-17,5.2503E-13
285.5,4.2613E-14,6.4424E-16,2.8015E-12
286,1.3684E-13,2.3503E-15,9.0277E-12
286.5,8.3823E-13,1.8458E-14,5.5494E-11
287,2.7367E-12,7.2547E-14,1.8181E-10
287.5,1.0903E-11,3.6618E-13,7.2687E-10
288,6.2337E-11,2.8061E-12,4.1703E-09
288.5,1.7162E-10,9.0651E-12,1.1521E-08
289,5.6265E-10,3.4978E-11,3.7902E-08
289.5,2.0749E-09,1.5368E-10,1.4026E-07
290,6.0168E-09,5.1454E-10,4.0813E-07
290.5,1.3783E-08,1.3303E-09,9.3814E-07
291,3.5052E-08,3.8965E-09,2.3940E-06
291.5,1.0913E-07,1.4425E-08,7.4792E-06
292,2.6830E-07,4.0789E-08,1.8451E-05
292.5,4.2685E-07,7.0414E-08,2.9455E-05
293,8.6466E-07,1.5760E-07,5.9871E-05
293.5,2.2707E-06,4.7095E-07,1.5776E-04
294,4.1744E-06,9.4558E-07,2.9102E-04
294.5,6.5911E-06,1.5965E-06,4.6107E-04
295,1.2290E-05,3.2246E-06,8.6264E-04
295.5,2.7826E-05,8.0206E-06,1.9597E-03
296,4.7904E-05,1.4737E-05,3.3852E-03
296.5,7.1345E-05,2.3312E-05,5.0588E-03
297,9.6800E-05,3.3187E-05,6.8869E-03
297.5,1.8608E-04,6.7912E-05,1.3283E-02
298,2.8988E-04,1.1127E-04,2.0763E-02
298.5,3.5789E-04,1.4270E-04,2.5720E-02
299,4.9211E-04,2.0323E-04,3.5484E-02
299.5,8.6068E-04,3.7386E-04,6.2269E-02
300,1.0205E-03,4.5631E-04,7.4078E-02
300.5,1.2450E-03,5.7207E-04,9.0676E-02
301,1.9300E-03,9.1926E-04,1.4103E-01
301.5,2.6914E-03,1.3201E-03,1.9733E-01
302,2.9209E-03,1.4570E-03,2.1486E-01
302.5,4.2840E-03,2.1910E-03,3.1618E-01
303,7.0945E-03,3.7332E-03,5.2534E-01
303.5,8.9795E-03,4.8044E-03,6.6712E-01
304,9.4701E-03,5.0973E-03,7.0589E-01
304.5,1.1953E-02,6.4675E-03,8.9389E-01
305,1.6463E-02,8.9336E-03,1.2352E+00
305.5,1.8719E-02,1.0186E-02,1.4091E+00
306,1.8577E-02,1.0150E-02,1.4030E+00
306.5,2.1108E-02,1.1568E-02,1.5993E+00
307,2.7849E-02,1.5246E-02,2.1170E+00
307.5,3.5635E-02,1.9468E-02,2.7177E+00
308,3.7837E-02,2.0753E-02,2.8950E+00
308.5,4.1430E-02,2.2750E-02,3.1802E+00
309,4.0534E-02,2.2298E-02,3.1215E+00
309.5,4.3306E-02,2.3672E-02,3.3458E+00
310,5.0939E-02,2.7826E-02,3.9483E+00
310.5,6.5540E-02,3.5879E-02,5.0964E+00
311,8.2922E-02,4.5392E-02,6.4688E+00
311.5,8.4080E-02,4.6156E-02,6.5803E+00
312,9.3376E-02,5.0898E-02,7.3313E+00
312.5,9.8984E-02,5.3766E-02,7.7965E+00
313,1.0733E-01,5.8323E-02,8.4809E+00
313.5,1.0757E-01,5.8999E-02,8.5271E+00
314,1.1969E-01,6.5266E-02,9.5181E+00
314.5,1.3060E-01,7.0476E-02,1.0419E+01
315,1.3625E-01,7.3686E-02,1.0904E+01
315.5,1.1838E-01,6.4833E-02,9.5041E+00
316,1.2348E-01,6.7088E-02,9.9450E+00
316.5,1.5036E-01,8.1118E-02,1.2148E+01
317,1.7158E-01,9.3020E-02,1.3907E+01
317.5,1.8245E-01,9.9712E-02,1.4834E+01
318,1.7594E-01,9.5815E-02,1.4350E+01
318.5,1.8591E-01,1.0005E-01,1.5211E+01
319,2.0470E-01,1.0971E-01,1.6801E+01
319.5,1.9589E-01,1.0693E-01,1.6128E+01
320,2.0527E-01,1.1277E-01,1.6953E+01
320.5,2.4525E-01,1.3305E-01,2.0319E+01
321,2.5024E-01,1.3414E-01,2.0797E+01
321.5,2.3843E-01,1.2817E-01,1.9877E+01
322,2.2203E-01,1.2200E-01,1.8568E+01
322.5,2.1709E-01,1.1970E-01,1.8211E+01
323,2.1226E-01,1.1623E-01,1.7861E+01
323.5,2.4861E-01,1.3393E-01,2.0985E+01
324,2.7537E-01,1.4852E-01,2.3315E+01
324.5,2.8321E-01,1.5467E-01,2.4053E+01
325,2.7894E-01,1.5504E-01,2.3764E+01
325.5,3.2436E-01,1.7936E-01,2.7718E+01
326,3.8120E-01,2.0868E-01,3.2675E+01
326.5,4.0722E-01,2.2162E-01,3.5013E+01
327,3.9806E-01,2.1834E-01,3.4330E+01
327.5,3.8465E-01,2.1285E-01,3.3275E+01
328,3.5116E-01,1.9773E-01,3.0471E+01
328.5,3.7164E-01,2.0675E-01,3.2346E+01
329,4.2235E-01,2.3297E-01,3.6872E+01
329.5,4.6878E-01,2.5864E-01,4.1050E+01
330,4.7139E-01,2.6192E-01,4.1404E+01
330.5,4.2800E-01,2.4103E-01,3.7707E+01
331,4.0262E-01,2.2835E-01,3.5578E+01
331.5,4.1806E-01,2.3635E-01,3.7054E+01
332,4.3623E-01,2.4508E-01,3.8782E+01
332.5,4.3919E-01,2.4655E-01,3.9162E+01
333,4.2944E-01,2.4263E-01,3.8408E+01
333.5,4.0724E-01,2.3265E-01,3.6532E+01
334,4.1497E-01,2.3823E-01,3.7337E+01
334.5,4.4509E-01,2.5434E-01,4.0167E+01
335,4.6388E-01,2.6477E-01,4.1988E+01
335.5,4.5313E-01,2.5894E-01,4.1138E+01
336,4.1519E-01,2.3813E-01,3.7806E+01
336.5,3.8214E-01,2.2099E-01,3.4900E+01
337,3.7380E-01,2.1767E-01,3.4240E+01
337.5,4.0051E-01,2.3434E-01,3.6795E+01
338,4.3411E-01,2.5321E-01,4.0001E+01
338.5,4.5527E-01,2.6549E-01,4.2075E+01
339,4.6355E-01,2.7096E-01,4.2966E+01
339.5,4.7446E-01,2.7847E-01,4.4108E+01
340,5.0180E-01,2.9659E-01,4.6787E+01
340.5,5.0071E-01,2.9674E-01,4.6822E+01
341,4.7139E-01,2.7932E-01,4.4210E+01
341.5,4.6935E-01,2.7853E-01,4.4148E+01
342,4.8934E-01,2.9121E-01,4.6163E+01
342.5,5.0767E-01,3.0296E-01,4.8033E+01
343,5.1489E-01,3.0857E-01,4.8858E+01
343.5,4.8609E-01,2.9246E-01,4.6260E+01
344,4.1843E-01,2.5352E-01,3.9937E+01
344.5,4.0307E-01,2.4439E-01,3.8583E+01
345,4.5898E-01,2.7854E-01,4.4062E+01
345.5,4.8932E-01,2.9761E-01,4.7111E+01
346,4.7778E-01,2.9132E-01,4.6133E+01
346.5,4.8657E-01,2.9747E-01,4.7118E+01
347,4.9404E-01,3.0318E-01,4.7979E+01
347.5,4.7674E-01,2.9351E-01,4.6433E+01
348,4.7511E-01,2.9306E-01,4.6407E+01
348.5,4.8336E-01,2.9884E-01,4.7349E+01
349,4.6564E-01,2.8864E-01,4.5744E+01
349.5,4.7805E-01,2.9720E-01,4.7098E+01
350,5.2798E-01,3.2913E-01,5.2166E+01
350.5,5.6741E-01,3.5471E-01,5.6222E+01
351,5.5172E-01,3.4603E-01,5.4823E+01
351.5,5.3022E-01,3.3388E-01,5.2837E+01
352,5.1791E-01,3.2674E-01,5.1758E+01
352.5,4.8962E-01,3.0954E-01,4.9069E+01
353,5.2040E-01,3.2975E-01,5.2302E+01
353.5,5.7228E-01,3.6351E-01,5.7679E+01
354,6.0498E-01,3.8523E-01,6.1148E+01
354.5,6.1156E-01,3.9043E-01,6.1988E+01
355,6.1140E-01,3.9140E-01,6.2146E+01
355.5,5.9028E-01,3.7878E-01,6.0169E+01
356,5.5387E-01,3.5627E-01,5.6616E+01
356.5,5.1942E-01,3.3495E-01,5.3244E+01
357,4.5673E-01,2.9527E-01,4.6949E+01
357.5,4.6215E-01,2.9950E-01,4.7640E+01
358,4.3006E-01,2.7936E-01,4.4456E+01
358.5,3.9926E-01,2.5998E-01,4.1387E+01
359,4.6953E-01,3.0650E-01,4.8807E+01
359.5,5.6549E-01,3.7013E-01,5.8946E+01
360,5.9817E-01,3.9240E-01,6.2526E+01
360.5,5.6531E-01,3.7167E-01,5.9256E+01
361,5.2024E-01,3.4278E-01,5.4683E+01
361.5,5.0956E-01,3.3647E-01,5.3709E+01
362,5.3420E-01,3.5350E-01,5.6462E+01
362.5,5.8510E-01,3.8804E-01,6.2013E+01
363,6.0191E-01,4.0005E-01,6.3970E+01
363.5,5.8541E-01,3.8994E-01,6.2388E+01
364,6.0628E-01,4.0472E-01,6.4790E+01
364.5,6.0058E-01,4.0179E-01,6.4358E+01
365,6.2359E-01,4.1810E-01,6.7007E+01
365.5,6.8628E-01,4.6110E-01,7.3945E+01
366,7.3532E-01,4.9508E-01,7.9446E+01
366.5,7.3658E-01,4.9694E-01,7.9800E+01
367,7.2285E-01,4.8869E-01,7.8526E+01
367.5,7.0914E-01,4.8041E-01,7.7247E+01
368,6.6759E-01,4.5319E-01,7.2919E+01
368.5,6.6310E-01,4.5106E-01,7.2625E+01
369,6.9315E-01,4.7244E-01,7.6123E+01
369.5,7.4469E-01,5.0856E-01,8.2005E+01
370,7.5507E-01,5.1666E-01,8.3373E+01
370.5,6.8261E-01,4.6798E-01,7.5576E+01
371,6.9338E-01,4.7628E-01,7.6976E+01
371.5,7.2051E-01,4.9587E-01,8.0203E+01
372,6.7444E-01,4.6506E-01,7.5277E+01
372.5,6.4253E-01,4.4389E-01,7.1908E+01
373,6.1886E-01,4.2833E-01,6.9445E+01
373.5,5.5786E-01,3.8682E-01,6.2768E+01
374,5.5640E-01,3.8651E-01,6.2772E+01
374.5,5.5227E-01,3.8435E-01,6.2472E+01
375,5.8930E-01,4.1087E-01,6.6839E+01
375.5,6.5162E-01,4.5514E-01,7.4105E+01
376,6.7480E-01,4.7218E-01,7.6946E+01
376.5,6.6390E-01,4.6538E-01,7.5904E+01
377,7.1225E-01,5.0014E-01,8.1649E+01
377.5,7.9455E-01,5.5890E-01,9.1325E+01
378,8.5595E-01,6.0314E-01,9.8643E+01
378.5,8.3418E-01,5.8892E-01,9.6389E+01
379,7.4389E-01,5.2616E-01,8.6183E+01
379.5,6.6683E-01,4.7255E-01,7.7459E+01
380,7.0077E-01,4.9751E-01,8.1616E+01
380.5,7.5075E-01,5.3396E-01,8.7667E+01
381,7.6383E-01,5.4424E-01,8.9429E+01
381.5,6.8837E-01,4.9135E-01,8.0806E+01
382,5.8678E-01,4.1958E-01,6.9061E+01
382.5,5.0762E-01,3.6361E-01,5.9901E+01
383,4.5499E-01,3.2648E-01,5.3831E+01
383.5,4.4049E-01,3.1658E-01,5.2252E+01
384,5.0968E-01,3.6689E-01,6.0617E+01
384.5,6.1359E-01,4.4239E-01,7.3165E+01
385,6.7355E-01,4.8638E-01,8.0524E+01
385.5,6.4363E-01,4.6549E-01,7.7147E+01
386,6.2100E-01,4.4984E-01,7.4628E+01
386.5,6.4570E-01,4.6848E-01,7.7797E+01
387,6.5147E-01,4.7343E-01,7.8696E+01
387.5,6.4204E-01,4.6731E-01,7.7757E+01
388,6.3582E-01,4.6350E-01,7.7202E+01
388.5,6.3136E-01,4.6096E-01,7.6859E+01
389,6.8543E-01,5.0121E-01,8.3656E+01
389.5,7.5970E-01,5.5637E-01,9.2959E+01
390,7.9699E-01,5.8457E-01,9.7772E+01
390.5,8.0371E-01,5.9038E-01,9.8850E+01
391,8.5138E-01,6.2634E-01,1.0498E+02
391.5,8.6344E-01,6.3617E-01,1.0674E+02
392,7.9493E-01,5.8656E-01,9.8522E+01
392.5,6.6257E-01,4.8961E-01,8.2327E+01
393,4.7975E-01,3.5502E-01,5.9763E+01
393.5,3.8152E-01,2.8272E-01,4.7648E+01
394,4.9567E-01,3.6780E-01,6.2061E+01
394.5,6.8385E-01,5.0811E-01,8.5840E+01
395,8.0772E-01,6.0096E-01,1.0165E+02
395.5,8.6038E-01,6.4101E-01,1.0855E+02
396,7.5655E-01,5.6443E-01,9.5689E+01
396.5,5.5017E-01,4.1101E-01,6.9762E+01
397,4.2619E-01,3.1882E-01,5.4177E+01
397.5,6.2945E-01,4.7151E-01,8.0218E+01
398,8.5249E-01,6.3944E-01,1.0892E+02
398.5,1.0069E+00,7.5622E-01,1.2897E+02
399,1.0693E+00,8.0408E-01,1.3730E+02
399.5,1.1021E+00,8.2980E-01,1.4187E+02
400,1.1141E+00,8.3989E-01,1.4377E+02
401,1.1603E+00,8.7691E-01,1.5048E+02
402,1.2061E+00,9.1387E-01,1.5721E+02
403,1.1613E+00,8.8211E-01,1.5212E+02
404,1.1801E+00,8.9849E-01,1.5535E+02
405,1.1511E+00,8.7849E-01,1.5228E+02
406,1.1227E+00,8.5878E-01,1.4926E+02
407,1.1026E+00,8.4545E-01,1.4731E+02
408,1.1514E+00,8.8488E-01,1.5459E+02
409,1.2299E+00,9.4717E-01,1.6594E+02
410,1.0485E+00,8.0910E-01,1.4216E+02
411,1.1738E+00,9.0770E-01,1.5992E+02
412,1.2478E+00,9.6686E-01,1.7083E+02
413,1.1971E+00,9.2951E-01,1.6469E+02
414,1.1842E+00,9.2134E-01,1.6370E+02
415,1.2258E+00,9.5569E-01,1.7027E+02
416,1.2624E+00,9.8628E-01,1.7620E+02
417,1.2312E+00,9.6392E-01,1.7268E+02
418,1.1777E+00,9.2392E-01,1.6597E+02
419,1.2258E+00,9.6354E-01,1.7357E+02
420,1.1232E+00,8.8467E-01,1.5980E+02
421,1.2757E+00,1.0067E+00,1.8237E+02
422,1.2583E+00,9.9499E-01,1.8074E+02
423,1.2184E+00,9.6531E-01,1.7583E+02
424,1.2117E+00,9.6182E-01,1.7570E+02
425,1.2488E+00,9.9312E-01,1.8193E+02
426,1.2135E+00,9.6667E-01,1.7762E+02
427,1.1724E+00,9.3550E-01,1.7241E+02
428,1.1839E+00,9.4625E-01,1.7492E+02
429,1.0963E+00,8.7766E-01,1.6273E+02
430,8.7462E-01,7.0134E-01,1.3043E+02
431,7.9394E-01,6.3779E-01,1.1895E+02
432,1.3207E+00,1.0628E+00,1.9879E+02
433,1.2288E+00,9.9050E-01,1.8582E+02
434,1.1352E+00,9.1653E-01,1.7246E+02
435,1.2452E+00,1.0070E+00,1.9004E+02
436,1.3659E+00,1.1061E+00,2.0942E+02
437,1.3943E+00,1.1306E+00,2.1476E+02
438,1.2238E+00,9.9368E-01,1.8936E+02
439,1.1775E+00,9.5753E-01,1.8303E+02
440,1.3499E+00,1.0993E+00,2.1079E+02
441,1.3313E+00,1.0859E+00,2.0883E+02
442,1.4250E+00,1.1640E+00,2.2454E+02
443,1.4453E+00,1.1823E+00,2.2877E+02
444,1.4084E+00,1.1537E+00,2.2394E+02
445,1.4619E+00,1.1992E+00,2.3349E+02
446,1.3108E+00,1.0766E+00,2.1030E+02
447,1.4903E+00,1.2257E+00,2.4017E+02
448,1.5081E+00,1.2422E+00,2.4413E+02
449,1.5045E+00,1.2409E+00,2.4463E+02
450,1.5595E+00,1.2881E+00,2.5471E+02
451,1.6173E+00,1.3376E+00,2.6532E+02
452,1.5482E+00,1.2822E+00,2.5512E+02
453,1.4297E+00,1.1854E+00,2.3663E+02
454,1.5335E+00,1.2730E+00,2.5493E+02
455,1.5224E+00,1.2655E+00,2.5421E+02
456,1.5724E+00,1.3088E+00,2.6371E+02
457,1.5854E+00,1.3213E+00,2.6706E+02
458,1.5514E+00,1.2946E+00,2.6248E+02
459,1.5391E+00,1.2859E+00,2.6153E+02
460,1.5291E+00,1.2791E+00,2.6097E+02
461,1.5827E+00,1.3255E+00,2.7129E+02
462,1.5975E+00,1.3392E+00,2.7502E+02
463,1.6031E+00,1.3452E+00,2.7718E+02
464,1.5544E+00,1.3055E+00,2.6992E+02
465,1.5350E+00,1.2905E+00,2.6770E+02
466,1.5673E+00,1.3190E+00,2.7451E+02
467,1.4973E+00,1.2616E+00,2.6338E+02
468,1.5619E+00,1.3178E+00,2.7592E+02
469,1.5682E+00,1.3247E+00,2.7822E+02
470,1.5077E+00,1.2749E+00,2.6862E+02
471,1.5331E+00,1.2975E+00,2.7431E+02
472,1.6126E+00,1.3661E+00,2.8976E+02
473,1.5499E+00,1.3144E+00,2.7968E+02
474,1.5671E+00,1.3304E+00,2.8398E+02
475,1.6185E+00,1.3755E+00,2.9453E+02
476,1.5631E+00,1.3299E+00,2.8565E+02
477,1.5724E+00,1.3392E+00,2.8856E+02
478,1.6230E+00,1.3839E+00,2.9909E+02
479,1.5916E+00,1.3586E+00,2.9454E+02
480,1.6181E+00,1.3825E+00,3.0069E+02
481,1.6177E+00,1.3836E+00,3.0187E+02
482,1.6236E+00,1.3899E+00,3.0423E+02
483,1.6038E+00,1.3742E+00,3.0177E+02
484,1.5734E+00,1.3492E+00,2.9728E+02
485,1.5683E+00,1.3457E+00,2.9754E+02
486,1.2716E+00,1.0918E+00,2.4225E+02
487,1.4241E+00,1.2235E+00,2.7242E+02
488,1.5413E+00,1.3252E+00,2.9605E+02
489,1.4519E+00,1.2492E+00,2.8002E+02
490,1.6224E+00,1.3968E+00,3.1418E+02
491,1.5595E+00,1.3435E+00,3.0324E+02
492,1.4869E+00,1.2818E+00,2.9030E+02
493,1.5903E+00,1.3719E+00,3.1175E+02
494,1.5525E+00,1.3402E+00,3.0558E+02
495,1.6485E+00,1.4238E+00,3.2579E+02
496,1.5676E+00,1.3548E+00,3.1105E+02
497,1.5944E+00,1.3788E+00,3.1765E+02
498,1.5509E+00,1.3421E+00,3.1022E+02
499,1.5507E+00,1.3429E+00,3.1143E+02
500,1.5451E+00,1.3391E+00,3.1155E+02
501,1.4978E+00,1.2990E+00,3.0322E+02
502,1.4966E+00,1.2991E+00,3.0419E+02
503,1.5653E+00,1.3597E+00,3.1942E+02
504,1.4587E+00,1.2682E+00,2.9886E+02
505,1.5635E+00,1.3598E+00,3.2160E+02
506,1.6264E+00,1.4153E+00,3.3586E+02
507,1.5560E+00,1.3548E+00,3.2260E+02
508,1.5165E+00,1.3210E+00,3.1565E+02
509,1.5893E+00,1.3850E+00,3.3210E+02
510,1.5481E+00,1.3497E+00,3.2477E+02
511,1.5769E+00,1.3753E+00,3.3211E+02
512,1.6186E+00,1.4125E+00,3.4223E+02
513,1.5206E+00,1.3277E+00,3.2276E+02
514,1.4885E+00,1.3003E+00,3.1718E+02
515,1.5314E+00,1.3385E+00,3.2759E+02
516,1.5455E+00,1.3514E+00,3.3190E+02
517,1.2594E+00,1.1017E+00,2.7151E+02
518,1.4403E+00,1.2605E+00,3.1171E+02
519,1.3957E+00,1.2222E+00,3.0322E+02
520,1.5236E+00,1.3349E+00,3.3229E+02
521,1.5346E+00,1.3452E+00,3.3597E+02
522,1.5690E+00,1.3760E+00,3.4482E+02
523,1.4789E+00,1.2976E+00,3.2627E+02
524,1.5905E+00,1.3962E+00,3.5223E+02
525,1.5781E+00,1.3859E+00,3.5082E+02
526,1.5341E+00,1.3479E+00,3.4234E+02
527,1.3417E+00,1.1795E+00,3.0055E+02
528,1.5357E+00,1.3508E+00,3.4531E+02
529,1.6071E+00,1.4142E+00,3.6273E+02
530,1.5446E+00,1.3598E+00,3.4995E+02
531,1.6292E+00,1.4348E+00,3.7051E+02
532,1.5998E+00,1.4094E+00,3.6519E+02
533,1.4286E+00,1.2590E+00,3.2734E+02
534,1.5302E+00,1.3491E+00,3.5194E+02
535,1.5535E+00,1.3701E+00,3.5863E+02
536,1.6199E+00,1.4292E+00,3.7536E+02
537,1.4989E+00,1.3229E+00,3.4862E+02
538,1.5738E+00,1.3896E+00,3.6741E+02
539,1.5352E+00,1.3558E+00,3.5973E+02
540,1.4825E+00,1.3096E+00,3.4867E+02
541,1.4251E+00,1.2595E+00,3.3641E+02
542,1.5511E+00,1.3714E+00,3.6751E+02
543,1.5256E+00,1.3493E+00,3.6281E+02
544,1.5792E+00,1.3971E+00,3.7694E+02
545,1.5435E+00,1.3657E+00,3.6977E+02
546,1.5291E+00,1.3536E+00,3.6767E+02
547,1.5490E+00,1.3717E+00,3.7382E+02
548,1.5049E+00,1.3331E+00,3.6450E+02
549,1.5520E+00,1.3752E+00,3.7729E+02
550,1.5399E+00,1.3648E+00,3.7571E+02
551,1.5382E+00,1.3639E+00,3.7666E+02
552,1.5697E+00,1.3923E+00,3.8577E+02
553,1.5250E+00,1.3533E+00,3.7614E+02
554,1.5549E+00,1.3802E+00,3.8491E+02
555,1.5634E+00,1.3883E+00,3.8841E+02
556,1.5366E+00,1.3651E+00,3.8313E+02
557,1.4988E+00,1.3321E+00,3.7505E+02
558,1.5310E+00,1.3613E+00,3.8448E+02
559,1.4483E+00,1.2885E+00,3.6502E+02
560,1.4740E+00,1.3118E+00,3.7283E+02
561,1.5595E+00,1.3885E+00,3.9586E+02
562,1.4847E+00,1.3225E+00,3.7822E+02
563,1.5408E+00,1.3731E+00,3.9391E+02
564,1.5106E+00,1.3466E+00,3.8756E+02
565,1.5201E+00,1.3555E+00,3.9138E+02
566,1.4374E+00,1.2823E+00,3.7140E+02
567,1.5320E+00,1.3673E+00,3.9725E+02
568,1.5180E+00,1.3554E+00,3.9500E+02
569,1.4807E+00,1.3228E+00,3.8666E+02
570,1.4816E+00,1.3240E+00,3.8825E+02
571,1.4331E+00,1.2810E+00,3.7686E+02
572,1.5134E+00,1.3534E+00,3.9937E+02
573,1.5198E+00,1.3595E+00,4.0247E+02
574,1.5119E+00,1.3527E+00,4.0177E+02
575,1.4777E+00,1.3225E+00,3.9405E+02
576,1.4654E+00,1.3118E+00,3.9213E+02
577,1.5023E+00,1.3452E+00,4.0341E+02
578,1.4560E+00,1.3040E+00,3.9233E+02
579,1.4770E+00,1.3230E+00,3.9937E+02
580,1.5020E+00,1.3455E+00,4.0753E+02
581,1.5089E+00,1.3518E+00,4.1082E+02
582,1.5320E+00,1.3729E+00,4.1854E+02
583,1.5479E+00,1.3872E+00,4.2434E+02
584,1.5448E+00,1.3845E+00,4.2494E+02
585,1.5324E+00,1.3737E+00,4.2298E+02
586,1.4953E+00,1.3409E+00,4.1415E+02
587,1.5281E+00,1.3708E+00,4.2468E+02
588,1.4934E+00,1.3403E+00,4.1645E+02
589,1.2894E+00,1.1582E+00,3.6079E+02
590,1.3709E+00,1.2316E+00,3.8490E+02
591,1.4662E+00,1.3171E+00,4.1305E+02
592,1.4354E+00,1.2900E+00,4.0574E+02
593,1.4561E+00,1.3086E+00,4.1299E+02
594,1.4491E+00,1.3029E+00,4.1239E+02
595,1.4308E+00,1.2870E+00,4.0855E+02
596,1.4745E+00,1.3260E+00,4.2245E+02
597,1.4788E+00,1.3303E+00,4.2510E+02
598,1.4607E+00,1.3142E+00,4.2131E+02
599,1.4606E+00,1.3145E+00,4.2269E+02
600,1.4753E+00,1.3278E+00,4.2837E+02
601,1.4579E+00,1.3123E+00,4.2473E+02
602,1.4360E+00,1.2928E+00,4.1974E+02
603,1.4664E+00,1.3205E+00,4.3005E+02
604,1.4921E+00,1.3439E+00,4.3904E+02
605,1.4895E+00,1.3418E+00,4.3973E+02
606,1.4822E+00,1.3353E+00,4.3902E+02
607,1.4911E+00,1.3434E+00,4.4312E+02
608,1.4862E+00,1.3392E+00,4.4312E+02
609,1.4749E+00,1.3292E+00,4.4120E+02
610,1.4686E+00,1.3237E+00,4.4075E+02
611,1.4611E+00,1.3170E+00,4.3994E+02
612,1.4831E+00,1.3370E+00,4.4803E+02
613,1.4621E+00,1.3182E+00,4.4313E+02
614,1.4176E+00,1.2783E+00,4.3105E+02
615,1.4697E+00,1.3254E+00,4.4835E+02
616,1.4310E+00,1.2906E+00,4.3796E+02
617,1.4128E+00,1.2744E+00,4.3380E+02
618,1.4664E+00,1.3228E+00,4.5171E+02
619,1.4733E+00,1.3292E+00,4.5531E+02
620,1.4739E+00,1.3299E+00,4.5697E+02
621,1.4802E+00,1.3359E+00,4.6040E+02
622,1.4269E+00,1.2882E+00,4.4525E+02
623,1.4165E+00,1.2793E+00,4.4343E+02
624,1.4118E+00,1.2751E+00,4.4338E+02
625,1.4026E+00,1.2667E+00,4.4190E+02
626,1.4012E+00,1.2655E+00,4.4288E+02
627,1.4417E+00,1.3022E+00,4.5713E+02
628,1.3631E+00,1.2328E+00,4.3359E+02
629,1.4114E+00,1.2758E+00,4.5039E+02
630,1.3924E+00,1.2589E+00,4.4574E+02
631,1.4161E+00,1.2799E+00,4.5476E+02
632,1.3638E+00,1.2327E+00,4.3936E+02
633,1.4508E+00,1.3110E+00,4.6887E+02
634,1.4284E+00,1.2907E+00,4.6309E+02
635,1.4458E+00,1.3065E+00,4.7021E+02
636,1.4128E+00,1.2768E+00,4.6092E+02
637,1.4610E+00,1.3204E+00,4.7815E+02
638,1.4707E+00,1.3292E+00,4.8284E+02
639,1.4646E+00,1.3238E+00,4.8234E+02
640,1.4340E+00,1.2962E+00,4.7374E+02
641,1.4348E+00,1.2970E+00,4.7549E+02
642,1.4376E+00,1.2995E+00,4.7791E+02
643,1.4525E+00,1.3130E+00,4.8436E+02
644,1.4462E+00,1.3074E+00,4.8376E+02
645,1.4567E+00,1.3170E+00,4.8879E+02
646,1.4150E+00,1.2797E+00,4.7627E+02
647,1.4086E+00,1.2744E+00,4.7559E+02
648,1.3952E+00,1.2625E+00,4.7252E+02
649,1.3519E+00,1.2234E+00,4.5927E+02
650,1.3594E+00,1.2299E+00,4.6324E+02
651,1.4447E+00,1.3071E+00,4.9383E+02
652,1.3871E+00,1.2558E+00,4.7559E+02
653,1.4311E+00,1.2950E+00,4.9219E+02
654,1.4153E+00,1.2807E+00,4.8824E+02
655,1.3499E+00,1.2220E+00,4.6711E+02
656,1.1851E+00,1.0727E+00,4.1134E+02
657,1.2393E+00,1.1218E+00,4.3146E+02
658,1.3855E+00,1.2540E+00,4.8383E+02
659,1.3905E+00,1.2586E+00,4.8705E+02
660,1.3992E+00,1.2668E+00,4.9159E+02
661,1.3933E+00,1.2618E+00,4.9100E+02
662,1.3819E+00,1.2518E+00,4.8846E+02
663,1.3844E+00,1.2539E+00,4.9082E+02
664,1.3967E+00,1.2647E+00,4.9668E+02
665,1.4214E+00,1.2871E+00,5.0698E+02
666,1.4203E+00,1.2860E+00,5.0812E+02
667,1.4102E+00,1.2767E+00,5.0602E+02
668,1.4150E+00,1.2810E+00,5.0926E+02
669,1.4394E+00,1.3032E+00,5.1960E+02
670,1.4196E+00,1.2853E+00,5.1398E+02
671,1.4169E+00,1.2829E+00,5.1454E+02
672,1.3972E+00,1.2651E+00,5.0890E+02
673,1.4094E+00,1.2760E+00,5.1487E+02
674,1.4074E+00,1.2742E+00,5.1567E+02
675,1.3958E+00,1.2639E+00,5.1294E+02
676,1.4120E+00,1.2786E+00,5.2043E+02
677,1.3991E+00,1.2669E+00,5.1720E+02
678,1.4066E+00,1.2737E+00,5.2151E+02
679,1.3947E+00,1.2629E+00,5.1863E+02
680,1.3969E+00,1.2650E+00,5.2097E+02
681,1.3915E+00,1.2601E+00,5.2049E+02
682,1.3981E+00,1.2662E+00,5.2449E+02
683,1.3830E+00,1.2526E+00,5.2035E+02
684,1.3739E+00,1.2445E+00,5.1844E+02
685,1.3748E+00,1.2454E+00,5.2030E+02
686,1.3438E+00,1.2174E+00,5.1005E+02
687,9.6824E-01,8.8285E-01,3.6858E+02
688,1.1206E+00,1.0195E+00,4.2782E+02
689,1.1278E+00,1.0260E+00,4.3182E+02
690,1.1821E+00,1.0746E+00,4.5393E+02
691,1.2333E+00,1.1201E+00,4.7496E+02
692,1.2689E+00,1.1516E+00,4.9009E+02
693,1.2609E+00,1.1446E+00,4.8841E+02
694,1.2464E+00,1.1318E+00,4.8418E+02
695,1.2714E+00,1.1538E+00,4.9532E+02
696,1.2684E+00,1.1513E+00,4.9557E+02
697,1.3403E+00,1.2151E+00,5.2517E+02
698,1.3192E+00,1.1961E+00,5.1839E+02
699,1.2918E+00,1.1721E+00,5.0908E+02
700,1.2823E+00,1.1636E+00,5.0678E+02
701,1.2659E+00,1.1489E+00,5.0173E+02
702,1.2674E+00,1.1500E+00,5.0376E+02
703,1.2747E+00,1.1567E+00,5.0810E+02
704,1.3078E+00,1.1864E+00,5.2278E+02
705,1.3214E+00,1.1989E+00,5.2972E+02
706,1.3144E+00,1.1925E+00,5.2841E+02
707,1.3090E+00,1.1875E+00,5.2773E+02
708,1.3048E+00,1.1839E+00,5.2753E+02
709,1.3095E+00,1.1880E+00,5.3092E+02
710,1.3175E+00,1.1954E+00,5.3567E+02
711,1.3155E+00,1.1934E+00,5.3637E+02
712,1.3071E+00,1.1856E+00,5.3444E+02
713,1.2918E+00,1.1719E+00,5.2967E+02
714,1.3029E+00,1.1823E+00,5.3572E+02
715,1.2587E+00,1.1428E+00,5.1900E+02
716,1.2716E+00,1.1548E+00,5.2579E+02
717,1.1071E+00,1.0081E+00,4.5905E+02
718,1.0296E+00,9.3873E-01,4.2811E+02
719,9.2318E-01,8.4274E-01,3.8493E+02
720,9.8550E-01,8.9940E-01,4.1206E+02
721,1.0861E+00,9.8967E-01,4.5538E+02
722,1.2407E+00,1.1281E+00,5.2164E+02
723,1.1444E+00,1.0423E+00,4.8249E+02
724,1.0555E+00,9.6305E-01,4.4624E+02
725,1.0380E+00,9.4741E-01,4.4006E+02
726,1.0813E+00,9.8638E-01,4.5968E+02
727,1.0850E+00,9.8988E-01,4.6252E+02
728,1.0400E+00,9.4968E-01,4.4456E+02
729,1.0466E+00,9.5503E-01,4.4861E+02
730,1.1285E+00,1.0294E+00,4.8504E+02
731,1.0703E+00,9.7702E-01,4.6129E+02
732,1.1534E+00,1.0520E+00,4.9847E+02
733,1.1962E+00,1.0901E+00,5.1838E+02
734,1.2357E+00,1.1261E+00,5.3696E+02
735,1.2178E+00,1.1101E+00,5.3062E+02
736,1.2059E+00,1.0994E+00,5.2687E+02
737,1.2039E+00,1.0978E+00,5.2742E+02
738,1.2269E+00,1.1184E+00,5.3896E+02
739,1.1905E+00,1.0855E+00,5.2439E+02
740,1.2195E+00,1.1119E+00,5.3862E+02
741,1.2148E+00,1.1078E+00,5.3799E+02
742,1.2153E+00,1.1084E+00,5.3967E+02
743,1.2405E+00,1.1316E+00,5.5234E+02
744,1.2503E+00,1.1408E+00,5.5821E+02
745,1.2497E+00,1.1404E+00,5.5944E+02
746,1.2470E+00,1.1381E+00,5.5973E+02
747,1.2477E+00,1.1389E+00,5.6155E+02
748,1.2401E+00,1.1323E+00,5.5962E+02
749,1.2357E+00,1.1286E+00,5.5913E+02
750,1.2341E+00,1.1273E+00,5.5989E+02
751,1.2286E+00,1.1224E+00,5.5889E+02
752,1.2330E+00,1.1265E+00,5.6238E+02
753,1.2266E+00,1.1210E+00,5.6095E+02
754,1.2420E+00,1.1353E+00,5.6951E+02
755,1.2383E+00,1.1321E+00,5.6932E+02
756,1.2232E+00,1.1185E+00,5.6386E+02
757,1.2221E+00,1.1176E+00,5.6485E+02
758,1.2295E+00,1.1246E+00,5.6977E+02
759,1.1945E+00,1.0932E+00,5.5501E+02
760,2.6604E-01,2.4716E-01,1.2394E+02
761,1.5396E-01,1.4328E-01,7.1914E+01
762,6.8766E-01,6.3491E-01,3.2205E+02
763,3.7952E-01,3.5217E-01,1.7820E+02
764,5.3878E-01,4.9885E-01,2.5365E+02
765,6.8601E-01,6.3377E-01,3.2381E+02
766,8.1461E-01,7.5080E-01,3.8551E+02
767,9.7417E-01,8.9574E-01,4.6223E+02
768,1.1138E+00,1.0222E+00,5.2986E+02
769,1.1278E+00,1.0347E+00,5.3792E+02
770,1.1608E+00,1.0646E+00,5.5510E+02
771,1.1686E+00,1.0716E+00,5.6028E+02
772,1.1778E+00,1.0802E+00,5.6616E+02
773,1.1771E+00,1.0797E+00,5.6729E+02
774,1.1771E+00,1.0800E+00,5.6876E+02
775,1.1771E+00,1.0801E+00,5.7023E+02
776,1.1798E+00,1.0827E+00,5.7301E+02
777,1.1727E+00,1.0764E+00,5.7103E+02
778,1.1713E+00,1.0754E+00,5.7182E+02
779,1.1765E+00,1.0803E+00,5.7584E+02
780,1.1636E+00,1.0687E+00,5.7099E+02
781,1.1607E+00,1.0662E+00,5.7103E+02
782,1.1662E+00,1.0714E+00,5.7520E+02
783,1.1614E+00,1.0672E+00,5.7430E+02
784,1.1536E+00,1.0602E+00,5.7190E+02
785,1.1586E+00,1.0649E+00,5.7585E+02
786,1.1592E+00,1.0656E+00,5.7761E+02
787,1.1450E+00,1.0530E+00,5.7199E+02
788,1.1305E+00,1.0399E+00,5.6618E+02
789,1.1257E+00,1.0359E+00,5.6521E+02
790,1.0910E+00,1.0045E+00,5.4918E+02
791,1.1058E+00,1.0179E+00,5.5804E+02
792,1.0953E+00,1.0084E+00,5.5414E+02
793,1.0875E+00,1.0015E+00,5.5158E+02
794,1.0972E+00,1.0101E+00,5.5791E+02
795,1.0932E+00,1.0066E+00,5.5727E+02
796,1.0742E+00,9.8985E-01,5.4897E+02
797,1.0913E+00,1.0057E+00,5.5911E+02
798,1.1121E+00,1.0245E+00,5.7119E+02
799,1.0905E+00,1.0048E+00,5.6150E+02
800,1.0725E+00,9.8859E-01,5.5362E+02
801,1.0843E+00,9.9978E-01,5.6111E+02
802,1.0856E+00,1.0011E+00,5.6319E+02
803,1.0657E+00,9.8288E-01,5.5424E+02
804,1.0782E+00,9.9452E-01,5.6214E+02
805,1.0545E+00,9.7270E-01,5.5115E+02
806,1.0974E+00,1.0122E+00,5.7500E+02
807,1.0859E+00,1.0018E+00,5.7039E+02
808,1.0821E+00,9.9844E-01,5.6980E+02
809,1.0548E+00,9.7353E-01,5.5680E+02
810,1.0559E+00,9.7488E-01,5.5876E+02
811,1.0533E+00,9.7273E-01,5.5876E+02
812,1.0268E+00,9.4882E-01,5.4605E+02
813,1.0086E+00,9.3236E-01,5.3769E+02
814,9.0356E-01,8.3681E-01,4.8288E+02
815,8.9523E-01,8.2927E-01,4.7960E+02
816,8.3216E-01,7.7171E-01,4.4691E+02
817,8.5183E-01,7.8984E-01,4.5860E+02
818,8.2259E-01,7.6299E-01,4.4394E+02
819,9.0519E-01,8.3844E-01,4.8971E+02
820,8.6188E-01,7.9899E-01,4.6742E+02
821,9.9764E-01,9.2292E-01,5.4237E+02
822,9.5157E-01,8.8081E-01,5.1858E+02
823,6.7271E-01,6.2576E-01,3.6750E+02
824,9.3506E-01,8.6619E-01,5.1207E+02
825,9.6935E-01,8.9752E-01,5.3214E+02
826,9.3381E-01,8.6530E-01,5.1387E+02
827,9.8465E-01,9.1178E-01,5.4316E+02
828,8.4979E-01,7.8870E-01,4.6990E+02
829,9.2930E-01,8.6135E-01,5.1511E+02
830,9.1601E-01,8.4930E-01,5.0897E+02
831,9.2392E-01,8.5666E-01,5.1460E+02
832,8.9426E-01,8.2961E-01,4.9928E+02
833,9.5650E-01,8.8622E-01,5.3531E+02
834,9.3412E-01,8.6608E-01,5.2404E+02
835,1.0032E+00,9.2917E-01,5.6415E+02
836,9.7234E-01,9.0135E-01,5.4811E+02
837,1.0092E+00,9.3493E-01,5.7025E+02
838,9.9901E-01,9.2585E-01,5.6584E+02
839,1.0013E+00,9.2783E-01,5.6849E+02
840,1.0157E+00,9.4124E-01,5.7804E+02
841,1.0101E+00,9.3626E-01,5.7622E+02
842,9.9703E-01,9.2411E-01,5.7012E+02
843,1.0053E+00,9.3171E-01,5.7621E+02
844,9.8631E-01,9.1434E-01,5.6667E+02
845,1.0165E+00,9.4226E-01,5.8540E+02
846,1.0187E+00,9.4447E-01,5.8806E+02
847,9.9170E-01,9.1947E-01,5.7383E+02
848,9.9217E-01,9.2010E-01,5.7546E+02
849,9.8596E-01,9.1447E-01,5.7320E+02
850,8.9372E-01,8.2900E-01,5.2080E+02
851,9.7493E-01,9.0454E-01,5.6946E+02
852,9.6927E-01,8.9942E-01,5.6749E+02
853,9.6486E-01,8.9540E-01,5.6623E+02
854,8.5112E-01,7.9000E-01,5.0066E+02
855,9.1300E-01,8.4746E-01,5.3832E+02
856,9.7317E-01,9.0343E-01,5.7514E+02
857,9.9166E-01,9.2059E-01,5.8743E+02
858,9.9196E-01,9.2094E-01,5.8898E+02
859,9.9171E-01,9.2081E-01,5.9021E+02
860,9.8816E-01,9.1764E-01,5.8946E+02
861,9.8679E-01,9.1648E-01,5.9002E+02
862,9.9449E-01,9.2367E-01,5.9600E+02
863,1.0005E+00,9.2934E-01,6.0100E+02
864,9.7916E-01,9.0956E-01,5.8954E+02
865,9.6324E-01,8.9487E-01,5.8130E+02
866,8.4900E-01,7.8882E-01,5.1354E+02
867,9.1546E-01,8.5066E-01,5.5502E+02
868,9.5920E-01,8.9140E-01,5.8288E+02
869,9.4956E-01,8.8252E-01,5.7836E+02
870,9.6755E-01,8.9933E-01,5.9067E+02
871,9.5387E-01,8.8671E-01,5.8366E+02
872,9.6686E-01,8.9887E-01,5.9297E+02
873,9.5721E-01,8.8999E-01,5.8840E+02
874,9.4042E-01,8.7451E-01,5.7940E+02
875,9.2687E-01,8.6204E-01,5.7236E+02
876,9.5277E-01,8.8625E-01,5.8970E+02
877,9.5615E-01,8.8948E-01,5.9314E+02
878,9.5237E-01,8.8607E-01,5.9215E+02
879,9.3656E-01,8.7144E-01,5.8364E+02
880,9.3957E-01,8.7434E-01,5.8685E+02
881,9.0861E-01,8.4563E-01,5.6880E+02
882,9.3245E-01,8.6787E-01,5.8505E+02
883,9.2927E-01,8.6494E-01,5.8438E+02
884,9.3305E-01,8.6859E-01,5.8809E+02
885,9.4423E-01,8.7913E-01,5.9648E+02
886,9.0752E-01,8.4515E-01,5.7459E+02
887,9.1062E-01,8.4799E-01,5.7785E+02
888,9.2228E-01,8.5899E-01,5.8657E+02
889,9.3455E-01,8.7041E-01,5.9572E+02
890,9.2393E-01,8.6078E-01,5.9027E+02
891,9.2584E-01,8.6255E-01,5.9282E+02
892,9.0881E-01,8.4688E-01,5.8323E+02
893,8.7327E-01,8.1412E-01,5.6168E+02
894,8.5130E-01,7.9413E-01,5.4877E+02
895,8.1357E-01,7.5956E-01,5.2562E+02
896,7.6253E-01,7.1265E-01,4.9375E+02
897,6.6566E-01,6.2310E-01,4.3199E+02
898,7.1780E-01,6.7137E-01,4.6686E+02
899,5.4871E-01,5.1461E-01,3.5768E+02
900,7.4260E-01,6.9429E-01,4.8515E+02
901,5.9933E-01,5.6162E-01,3.9242E+02
902,6.6791E-01,6.2500E-01,4.3829E+02
903,6.8889E-01,6.4483E-01,4.5306E+02
904,8.4457E-01,7.8862E-01,5.5668E+02
905,8.1709E-01,7.6337E-01,5.3976E+02
906,7.7558E-01,7.2502E-01,5.1347E+02
907,6.3854E-01,5.9833E-01,4.2368E+02
908,6.5217E-01,6.1091E-01,4.3368E+02
909,7.0431E-01,6.5912E-01,4.6938E+02
910,6.2467E-01,5.8553E-01,4.1722E+02
911,6.6808E-01,6.2580E-01,4.4720E+02
912,6.8893E-01,6.4508E-01,4.6217E+02
913,6.2834E-01,5.8906E-01,4.2244E+02
914,6.2649E-01,5.8740E-01,4.2212E+02
915,6.7836E-01,6.3550E-01,4.5807E+02
916,5.7646E-01,5.4099E-01,3.9012E+02
917,7.3017E-01,6.8350E-01,4.9522E+02
918,5.9271E-01,5.5612E-01,4.0287E+02
919,7.3877E-01,6.9161E-01,5.0324E+02
920,7.4414E-01,6.9657E-01,5.0800E+02
921,7.8049E-01,7.3004E-01,5.3397E+02
922,7.0026E-01,6.5584E-01,4.8013E+02
923,7.4504E-01,6.9698E-01,5.1194E+02
924,7.2150E-01,6.7571E-01,4.9684E+02
925,7.1110E-01,6.6621E-01,4.9074E+02
926,7.0331E-01,6.5875E-01,4.8641E+02
927,7.8742E-01,7.3684E-01,5.4576E+02
928,5.8968E-01,5.5363E-01,4.0959E+02
929,5.5127E-01,5.1792E-01,3.8373E+02
930,4.3210E-01,4.0679E-01,3.0143E+02
931,4.0921E-01,3.8540E-01,2.8607E+02
932,3.0086E-01,2.8386E-01,2.1078E+02
933,2.4841E-01,2.3459E-01,1.7441E+02
934,1.4380E-01,1.3604E-01,1.0118E+02
935,2.5084E-01,2.3690E-01,1.7687E+02
936,1.6142E-01,1.5267E-01,1.1406E+02
937,1.6338E-01,1.5453E-01,1.1569E+02
938,2.0058E-01,1.8962E-01,1.4234E+02
939,3.9887E-01,3.7591E-01,2.8366E+02
940,4.7181E-01,4.4411E-01,3.3625E+02
941,3.7195E-01,3.5071E-01,2.6564E+02
942,4.0532E-01,3.8192E-01,2.9009E+02
943,2.7834E-01,2.6289E-01,1.9963E+02
944,2.8579E-01,2.6987E-01,2.0541E+02
945,3.6821E-01,3.4729E-01,2.6521E+02
946,1.9461E-01,1.8409E-01,1.4047E+02
947,3.7112E-01,3.5010E-01,2.6844E+02
948,2.7423E-01,2.5911E-01,1.9878E+02
949,4.9396E-01,4.6514E-01,3.5880E+02
950,1.4726E-01,1.3944E-01,1.0719E+02
951,4.8378E-01,4.5563E-01,3.5289E+02
952,2.6891E-01,2.5418E-01,1.9657E+02
953,3.4362E-01,3.2442E-01,2.5171E+02
954,4.2411E-01,3.9988E-01,3.1132E+02
955,3.4117E-01,3.2204E-01,2.5096E+02
956,3.2821E-01,3.0996E-01,2.4194E+02
957,2.7067E-01,2.5591E-01,1.9994E+02
958,4.6101E-01,4.3453E-01,3.4125E+02
959,3.7385E-01,3.5294E-01,2.7731E+02
960,4.2066E-01,3.9685E-01,3.1269E+02
961,4.6120E-01,4.3481E-01,3.4353E+02
962,4.4174E-01,4.1664E-01,3.2972E+02
963,5.0503E-01,4.7585E-01,3.7775E+02
964,4.5860E-01,4.3242E-01,3.4373E+02
965,5.0374E-01,4.7469E-01,3.7835E+02
966,5.0275E-01,4.7377E-01,3.7839E+02
967,5.0240E-01,4.7353E-01,3.7891E+02
968,6.5210E-01,6.1301E-01,4.9283E+02
969,6.8622E-01,6.4480E-01,5.1969E+02
970,6.3461E-01,5.9689E-01,4.8160E+02
971,7.1397E-01,6.7059E-01,5.4294E+02
972,6.8765E-01,6.4629E-01,5.2400E+02
973,6.0648E-01,5.7081E-01,4.6310E+02
974,5.7529E-01,5.4170E-01,4.4019E+02
975,5.8987E-01,5.5536E-01,4.5227E+02
976,5.7191E-01,5.3872E-01,4.3940E+02
977,6.3864E-01,6.0084E-01,4.9168E+02
978,6.1509E-01,5.7903E-01,4.7452E+02
979,6.3815E-01,6.0046E-01,4.9331E+02
980,6.0468E-01,5.6941E-01,4.6839E+02
981,7.1338E-01,6.7058E-01,5.5372E+02
982,6.9218E-01,6.5102E-01,5.3836E+02
983,6.6865E-01,6.2915E-01,5.2112E+02
984,7.3732E-01,6.9290E-01,5.7581E+02
985,6.8817E-01,6.4734E-01,5.3852E+02
986,7.5083E-01,7.0553E-01,5.8875E+02
987,7.3928E-01,6.9489E-01,5.8087E+02
988,7.3462E-01,6.9059E-01,5.7838E+02
989,7.4906E-01,7.0391E-01,5.9094E+02
990,7.3227E-01,6.8843E-01,5.7886E+02
991,7.5358E-01,7.0833E-01,5.9691E+02
992,7.5102E-01,7.0597E-01,5.9609E+02
993,7.3728E-01,6.9325E-01,5.8636E+02
994,7.5410E-01,7.0891E-01,6.0095E+02
995,7.5176E-01,7.0673E-01,6.0029E+02
996,7.4884E-01,7.0409E-01,5.9916E+02
997,7.3971E-01,6.9555E-01,5.9304E+02
998,7.3887E-01,6.9481E-01,5.9356E+02
999,7.3857E-01,6.9455E-01,5.9451E+02
1000,7.3532E-01,6.9159E-01,5.9308E+02
1001,7.4442E-01,7.0013E-01,6.0162E+02
1002,7.2805E-01,6.8498E-01,5.8956E+02
1003,7.3442E-01,6.9086E-01,5.9591E+02
1004,7.2336E-01,6.8056E-01,5.8811E+02
1005,6.8174E-01,6.4140E-01,5.5537E+02
1006,7.1252E-01,6.7047E-01,5.8160E+02
1007,7.2753E-01,6.8463E-01,5.9504E+02
1008,7.2685E-01,6.8407E-01,5.9566E+02
1009,7.1972E-01,6.7742E-01,5.9099E+02
1010,7.1914E-01,6.7695E-01,5.9168E+02
1011,7.2278E-01,6.8034E-01,5.9586E+02
1012,7.1877E-01,6.7667E-01,5.9372E+02
1013,7.1761E-01,6.7556E-01,5.9394E+02
1014,7.2068E-01,6.7848E-01,5.9766E+02
1015,7.0817E-01,6.6676E-01,5.8844E+02
1016,7.1129E-01,6.6976E-01,5.9220E+02
1017,7.0337E-01,6.6237E-01,5.8676E+02
1018,7.1422E-01,6.7263E-01,5.9698E+02
1019,6.8878E-01,6.4880E-01,5.7685E+02
1020,6.9896E-01,6.5839E-01,5.8652E+02
1021,7.0175E-01,6.6107E-01,5.9002E+02
1022,6.8970E-01,6.4980E-01,5.8103E+02
1023,6.9508E-01,6.5490E-01,5.8670E+02
1024,6.9058E-01,6.5077E-01,5.8405E+02
1025,6.9753E-01,6.5727E-01,5.9108E+02
1026,6.9636E-01,6.5625E-01,5.9124E+02
1027,6.9305E-01,6.5318E-01,5.8958E+02
1028,6.9385E-01,6.5398E-01,5.9141E+02
1029,6.8628E-01,6.4687E-01,5.8609E+02
1030,6.9055E-01,6.5092E-01,5.9089E+02
1031,6.8736E-01,6.4799E-01,5.8930E+02
1032,6.8787E-01,6.4852E-01,5.9088E+02
1033,6.7613E-01,6.3751E-01,5.8192E+02
1034,6.8015E-01,6.4136E-01,5.8652E+02
1035,6.8234E-01,6.4348E-01,5.8954E+02
1036,6.8202E-01,6.4323E-01,5.9041E+02
1037,6.7497E-01,6.3664E-01,5.8543E+02
1038,6.7172E-01,6.3361E-01,5.8374E+02
1039,6.7636E-01,6.3802E-01,5.8890E+02
1040,6.7170E-01,6.3366E-01,5.8597E+02
1041,6.7176E-01,6.3379E-01,5.8715E+02
1042,6.7200E-01,6.3406E-01,5.8849E+02
1043,6.6525E-01,6.2773E-01,5.8370E+02
1044,6.6833E-01,6.3067E-01,5.8752E+02
1045,6.6452E-01,6.2712E-01,5.8529E+02
1046,6.4714E-01,6.1078E-01,5.7108E+02
1047,6.5694E-01,6.2008E-01,5.8083E+02
1048,6.6274E-01,6.2559E-01,5.8708E+02
1049,6.5896E-01,6.2206E-01,5.8485E+02
1050,6.5463E-01,6.1802E-01,5.8211E+02
1051,6.5521E-01,6.1862E-01,5.8374E+02
1052,6.5118E-01,6.1487E-01,5.8125E+02
1053,6.4919E-01,6.1302E-01,5.8058E+02
1054,6.4646E-01,6.1048E-01,5.7924E+02
1055,6.4847E-01,6.1242E-01,5.8214E+02
1056,6.4641E-01,6.1055E-01,5.8139E+02
1057,6.4482E-01,6.0910E-01,5.8106E+02
1058,6.3818E-01,6.0286E-01,5.7617E+02
1059,6.1875E-01,5.8453E-01,5.5968E+02
1060,6.3585E-01,6.0073E-01,5.7624E+02
1061,6.2121E-01,5.8694E-01,5.6403E+02
1062,6.3266E-01,5.9782E-01,5.7551E+02
1063,6.2239E-01,5.8815E-01,5.6723E+02
1064,6.3196E-01,5.9722E-01,5.7704E+02
1065,6.2913E-01,5.9461E-01,5.7554E+02
1066,6.1713E-01,5.8330E-01,5.6562E+02
1067,6.2032E-01,5.8637E-01,5.6961E+02
1068,6.1944E-01,5.8561E-01,5.6987E+02
1069,5.8626E-01,5.5428E-01,5.4036E+02
1070,6.0469E-01,5.7178E-01,5.5839E+02
1071,6.1661E-01,5.8304E-01,5.7046E+02
1072,6.1536E-01,5.8194E-01,5.7036E+02
1073,6.0363E-01,5.7086E-01,5.6054E+02
1074,6.2158E-01,5.8780E-01,5.7828E+02
1075,5.9252E-01,5.6054E-01,5.5227E+02
1076,6.1471E-01,5.8141E-01,5.7402E+02
1077,6.0434E-01,5.7175E-01,5.6539E+02
1078,6.0321E-01,5.7076E-01,5.6538E+02
1079,6.0474E-01,5.7210E-01,5.6787E+02
1080,5.9722E-01,5.6519E-01,5.6184E+02
1081,5.8083E-01,5.4973E-01,5.4744E+02
1082,5.8940E-01,5.5773E-01,5.5654E+02
1083,5.9814E-01,5.6603E-01,5.6584E+02
1084,5.7852E-01,5.4775E-01,5.4829E+02
1085,5.9330E-01,5.6163E-01,5.6334E+02
1086,5.5410E-01,5.2496E-01,5.2709E+02
1087,5.6697E-01,5.3685E-01,5.4032E+02
1088,5.9317E-01,5.6159E-01,5.6633E+02
1089,5.7919E-01,5.4856E-01,5.5400E+02
1090,5.5573E-01,5.2656E-01,5.3254E+02
1091,5.8835E-01,5.5722E-01,5.6483E+02
1092,5.8124E-01,5.5048E-01,5.5903E+02
1093,5.1058E-01,4.8417E-01,4.9197E+02
1094,5.3965E-01,5.1120E-01,5.2093E+02
1095,5.2067E-01,4.9363E-01,5.0353E+02
1096,5.0323E-01,4.7731E-01,4.8755E+02
1097,5.7852E-01,5.4805E-01,5.6152E+02
1098,5.0291E-01,4.7709E-01,4.8902E+02
1099,5.0772E-01,4.8161E-01,4.9460E+02
1100,4.8577E-01,4.6113E-01,4.7408E+02
1101,4.9696E-01,4.7169E-01,4.8588E+02
1102,4.6883E-01,4.4513E-01,4.5921E+02
1103,4.6637E-01,4.4291E-01,4.5763E+02
1104,4.6765E-01,4.4412E-01,4.5972E+02
1105,5.0644E-01,4.8065E-01,4.9875E+02
1106,3.9792E-01,3.7840E-01,3.9259E+02
1107,4.8304E-01,4.5866E-01,4.7743E+02
1108,4.1565E-01,3.9517E-01,4.1157E+02
1109,4.1278E-01,3.9249E-01,4.0946E+02
1110,4.7899E-01,4.5496E-01,4.7600E+02
1111,3.3154E-01,3.1572E-01,3.3006E+02
1112,4.1357E-01,3.9330E-01,4.1247E+02
1113,2.6850E-01,2.5599E-01,2.6827E+02
1114,2.9985E-01,2.8576E-01,3.0013E+02
1115,2.4987E-01,2.3833E-01,2.5055E+02
1116,2.0136E-01,1.9223E-01,2.0227E+02
1117,7.9618E-02,7.6164E-02,8.0122E+01
1118,2.1753E-01,2.0763E-01,2.1930E+02
1119,1.1317E-01,1.0821E-01,1.1429E+02
1120,1.4189E-01,1.3562E-01,1.4356E+02
1121,1.8586E-01,1.7753E-01,1.8838E+02
1122,8.1686E-02,7.8159E-02,8.2941E+01
1123,1.2817E-01,1.2255E-01,1.3037E+02
1124,1.0870E-01,1.0397E-01,1.1076E+02
1125,1.4428E-01,1.3794E-01,1.4728E+02
1126,5.1589E-02,4.9394E-02,5.2755E+01
1127,1.5725E-01,1.5032E-01,1.6109E+02
1128,9.9224E-02,9.4946E-02,1.0183E+02
1129,1.0591E-01,1.0133E-01,1.0888E+02
1130,7.0574E-02,6.7568E-02,7.2683E+01
1131,2.9560E-01,2.8201E-01,3.0497E+02
1132,2.3411E-01,2.2359E-01,2.4196E+02
1133,1.5331E-01,1.4661E-01,1.5873E+02
1134,4.1740E-02,3.9988E-02,4.3292E+01
1135,1.5462E-02,1.4819E-02,1.6065E+01
1136,1.2876E-01,1.2320E-01,1.3402E+02
1137,2.8785E-01,2.7472E-01,3.0014E+02
1138,2.0329E-01,1.9428E-01,2.1234E+02
1139,2.9850E-01,2.8484E-01,3.1234E+02
1140,2.5599E-01,2.4447E-01,2.6833E+02
1141,1.9337E-01,1.8486E-01,2.0305E+02
1142,2.2479E-01,2.1481E-01,2.3645E+02
1143,3.1183E-01,2.9758E-01,3.2858E+02
1144,1.1326E-01,1.0843E-01,1.1955E+02
1145,1.4604E-01,1.3976E-01,1.5442E+02
1146,1.5764E-01,1.5085E-01,1.6698E+02
1147,5.9176E-02,5.6715E-02,6.2792E+01
1148,2.7113E-01,2.5898E-01,2.8820E+02
1149,2.1854E-01,2.0894E-01,2.3270E+02
1150,1.2164E-01,1.1648E-01,1.2975E+02
1151,2.0340E-01,1.9453E-01,2.1734E+02
1152,2.4762E-01,2.3666E-01,2.6505E+02
1153,2.3812E-01,2.2762E-01,2.5532E+02
1154,1.4248E-01,1.3643E-01,1.5304E+02
1155,3.1316E-01,2.9903E-01,3.3695E+02
1156,2.8090E-01,2.6837E-01,3.0276E+02
1157,3.1458E-01,3.0040E-01,3.3965E+02
1158,3.1171E-01,2.9770E-01,3.3713E+02
1159,3.3693E-01,3.2163E-01,3.6504E+02
1160,2.8648E-01,2.7371E-01,3.1092E+02
1161,3.4753E-01,3.3167E-01,3.7782E+02
1162,3.5002E-01,3.3412E-01,3.8119E+02
1163,4.6857E-01,4.4644E-01,5.1117E+02
1164,4.0188E-01,3.8332E-01,4.3917E+02
1165,3.8860E-01,3.7080E-01,4.2539E+02
1166,3.7494E-01,3.5781E-01,4.1114E+02
1167,4.0996E-01,3.9105E-01,4.5032E+02
1168,4.1954E-01,4.0018E-01,4.6163E+02
1169,4.2310E-01,4.0348E-01,4.6634E+02
1170,4.5873E-01,4.3731E-01,5.0648E+02
1171,4.4831E-01,4.2750E-01,4.9582E+02
1172,4.5483E-01,4.3370E-01,5.0389E+02
1173,4.5642E-01,4.3522E-01,5.0652E+02
1174,3.3692E-01,3.2193E-01,3.7454E+02
1175,4.5240E-01,4.3142E-01,5.0377E+02
1176,4.7679E-01,4.5447E-01,5.3183E+02
1177,4.7235E-01,4.5040E-01,5.2778E+02
1178,3.6000E-01,3.4391E-01,4.0293E+02
1179,4.8371E-01,4.6114E-01,5.4231E+02
1180,4.4069E-01,4.2052E-01,4.9492E+02
1181,4.5514E-01,4.3423E-01,5.1201E+02
1182,3.2318E-01,3.0903E-01,3.6418E+02
1183,4.3870E-01,4.1853E-01,4.9519E+02
1184,4.1985E-01,4.0083E-01,4.7471E+02
1185,4.0741E-01,3.8908E-01,4.6143E+02
1186,4.7715E-01,4.5518E-01,5.4132E+02
1187,4.5575E-01,4.3494E-01,5.1792E+02
1188,3.3504E-01,3.2039E-01,3.8138E+02
1189,4.1569E-01,3.9685E-01,4.7399E+02
1190,4.6239E-01,4.4124E-01,5.2812E+02
1191,4.4660E-01,4.2638E-01,5.1095E+02
1192,4.7336E-01,4.5171E-01,5.4247E+02
1193,4.5434E-01,4.3370E-01,5.2155E+02
1194,4.6890E-01,4.4751E-01,5.3917E+02
1195,4.4696E-01,4.2671E-01,5.1480E+02
1196,4.3131E-01,4.1188E-01,4.9761E+02
1197,4.7715E-01,4.5527E-01,5.5141E+02
1198,4.3392E-01,4.1426E-01,5.0229E+02
1199,3.6489E-01,3.4869E-01,4.2309E+02
1200,4.4825E-01,4.2789E-01,5.2061E+02
1201,4.3708E-01,4.1735E-01,5.0849E+02
1202,4.3717E-01,4.1743E-01,5.0944E+02
1203,4.3409E-01,4.1441E-01,5.0669E+02
1204,3.6247E-01,3.4645E-01,4.2380E+02
1205,4.3692E-01,4.1714E-01,5.1169E+02
1206,4.8086E-01,4.5872E-01,5.6409E+02
1207,4.2986E-01,4.1044E-01,5.0510E+02
1208,4.3346E-01,4.1379E-01,5.1017E+02
1209,4.1428E-01,3.9548E-01,4.8841E+02
1210,4.5336E-01,4.3267E-01,5.3536E+02
1211,4.2232E-01,4.0319E-01,4.9953E+02
1212,4.2489E-01,4.0572E-01,5.0340E+02
1213,4.6956E-01,4.4804E-01,5.5725E+02
1214,4.3407E-01,4.1443E-01,5.1598E+02
1215,4.2780E-01,4.0851E-01,5.0936E+02
1216,4.6640E-01,4.4509E-01,5.5624E+02
1217,4.5528E-01,4.3457E-01,5.4387E+02
1218,4.5934E-01,4.3842E-01,5.4962E+02
1219,4.4663E-01,4.2639E-01,5.3529E+02
1220,4.5805E-01,4.3724E-01,5.4988E+02
1221,4.6531E-01,4.4413E-01,5.5951E+02
1222,4.5139E-01,4.3096E-01,5.4366E+02
1223,4.4406E-01,4.2400E-01,5.3571E+02
1224,4.4808E-01,4.2788E-01,5.4144E+02
1225,4.6236E-01,4.4141E-01,5.5961E+02
1226,4.6819E-01,4.4696E-01,5.6759E+02
1227,4.3304E-01,4.1360E-01,5.2584E+02
1228,4.6658E-01,4.4544E-01,5.6749E+02
1229,4.6721E-01,4.4608E-01,5.6918E+02
1230,4.6003E-01,4.3928E-01,5.6135E+02
1231,4.7203E-01,4.5067E-01,5.7693E+02
1232,4.6633E-01,4.4525E-01,5.7088E+02
1233,4.5397E-01,4.3359E-01,5.5666E+02
1234,4.7016E-01,4.4893E-01,5.7744E+02
1235,4.6504E-01,4.4409E-01,5.7208E+02
1236,4.6908E-01,4.4795E-01,5.7799E+02
1237,4.6339E-01,4.4259E-01,5.7190E+02
1238,4.6797E-01,4.4694E-01,5.7849E+02
1239,4.6272E-01,4.4194E-01,5.7292E+02
1240,4.6077E-01,4.4011E-01,5.7143E+02
1241,4.6197E-01,4.4130E-01,5.7384E+02
1242,4.6247E-01,4.4179E-01,5.7539E+02
1243,4.5754E-01,4.3712E-01,5.7017E+02
1244,4.5528E-01,4.3499E-01,5.6827E+02
1245,4.5655E-01,4.3622E-01,5.7077E+02
1246,4.5945E-01,4.3902E-01,5.7532E+02
1247,4.5746E-01,4.3715E-01,5.7375E+02
1248,4.5860E-01,4.3828E-01,5.7610E+02
1249,4.5966E-01,4.3930E-01,5.7836E+02
1250,4.5705E-01,4.3684E-01,5.7599E+02
1251,4.5258E-01,4.3260E-01,5.7127E+02
1252,4.5097E-01,4.3106E-01,5.7015E+02
1253,4.4773E-01,4.2803E-01,5.6696E+02
1254,4.4363E-01,4.2416E-01,5.6266E+02
1255,4.5070E-01,4.3088E-01,5.7254E+02
1256,4.4023E-01,4.2096E-01,5.6013E+02
1257,4.3532E-01,4.1630E-01,5.5477E+02
1258,4.4496E-01,4.2549E-01,5.6796E+02
1259,4.2725E-01,4.0868E-01,5.4622E+02
1260,4.3110E-01,4.1235E-01,5.5202E+02
1261,4.1146E-01,3.9371E-01,5.2771E+02
1262,3.9567E-01,3.7867E-01,5.0826E+02
1263,4.0019E-01,3.8300E-01,5.1488E+02
1264,3.7148E-01,3.5568E-01,4.7870E+02
1265,3.9570E-01,3.7871E-01,5.1072E+02
1266,3.8527E-01,3.6881E-01,4.9804E+02
1267,3.8822E-01,3.7159E-01,5.0265E+02
1268,3.7051E-01,3.5475E-01,4.8048E+02
1269,2.4652E-01,2.3656E-01,3.2019E+02
1270,3.8744E-01,3.7087E-01,5.0402E+02
1271,4.0825E-01,3.9062E-01,5.3193E+02
1272,4.0879E-01,3.9114E-01,5.3347E+02
1273,4.0625E-01,3.8874E-01,5.3099E+02
1274,4.0614E-01,3.8864E-01,5.3168E+02
1275,4.1233E-01,3.9455E-01,5.4063E+02
1276,4.1693E-01,3.9895E-01,5.4752E+02
1277,4.2001E-01,4.0191E-01,5.5243E+02
1278,4.2763E-01,4.0916E-01,5.6333E+02
1279,4.2456E-01,4.0626E-01,5.6016E+02
1280,4.2204E-01,4.0387E-01,5.5771E+02
1281,4.1335E-01,3.9554E-01,5.4708E+02
1282,3.7305E-01,3.5695E-01,4.9451E+02
1283,4.0733E-01,3.8978E-01,5.4080E+02
1284,4.2078E-01,4.0268E-01,5.5952E+02
1285,4.2399E-01,4.0577E-01,5.6467E+02
1286,4.2714E-01,4.0878E-01,5.6975E+02
1287,4.2213E-01,4.0405E-01,5.6395E+02
1288,4.1989E-01,4.0192E-01,5.6182E+02
1289,4.0936E-01,3.9194E-01,5.4859E+02
1290,4.1285E-01,3.9522E-01,5.5412E+02
1291,4.1786E-01,4.0004E-01,5.6172E+02
1292,3.9618E-01,3.7946E-01,5.3340E+02
1293,4.1257E-01,3.9506E-01,5.5632E+02
1294,4.0421E-01,3.8709E-01,5.4590E+02
1295,4.0514E-01,3.8801E-01,5.4800E+02
1296,3.8957E-01,3.7322E-01,5.2775E+02
1297,3.7130E-01,3.5583E-01,5.0378E+02
1298,3.9183E-01,3.7536E-01,5.3245E+02
1299,4.0852E-01,3.9127E-01,5.5599E+02
1300,3.5312E-01,3.3855E-01,4.8133E+02
1301,3.6228E-01,3.4728E-01,4.9458E+02
1302,3.9181E-01,3.7539E-01,5.3571E+02
1303,3.4621E-01,3.3197E-01,4.7409E+02
1304,3.0062E-01,2.8849E-01,4.1229E+02
1305,3.8382E-01,3.6783E-01,5.2721E+02
1306,3.8453E-01,3.6853E-01,5.2899E+02
1307,3.0594E-01,2.9362E-01,4.2152E+02
1308,3.4696E-01,3.3277E-01,4.7877E+02
1309,3.8413E-01,3.6822E-01,5.3087E+02
1310,3.0114E-01,2.8908E-01,4.1682E+02
1311,3.3366E-01,3.2012E-01,4.6253E+02
1312,3.3337E-01,3.1986E-01,4.6284E+02
1313,3.1352E-01,3.0089E-01,4.3594E+02
1314,2.8833E-01,2.7690E-01,4.0153E+02
1315,2.8581E-01,2.7447E-01,3.9862E+02
1316,3.2419E-01,3.1113E-01,4.5284E+02
1317,3.1217E-01,2.9969E-01,4.3671E+02
1318,3.3328E-01,3.1984E-01,4.6695E+02
1319,2.6855E-01,2.5803E-01,3.7683E+02
1320,2.5872E-01,2.4864E-01,3.6359E+02
1321,2.9866E-01,2.8684E-01,4.2036E+02
1322,3.0217E-01,2.9023E-01,4.2594E+02
1323,2.3279E-01,2.2386E-01,3.2864E+02
1324,2.6249E-01,2.5231E-01,3.7113E+02
1325,3.2224E-01,3.0943E-01,4.5629E+02
1326,2.8051E-01,2.6956E-01,3.9780E+02
1327,2.6625E-01,2.5593E-01,3.7815E+02
1328,2.3450E-01,2.2555E-01,3.3356E+02
1329,1.7759E-01,1.7097E-01,2.5299E+02
1330,2.2923E-01,2.2052E-01,3.2705E+02
1331,1.4480E-01,1.3951E-01,2.0690E+02
1332,1.4579E-01,1.4046E-01,2.0863E+02
1333,2.0304E-01,1.9545E-01,2.9099E+02
1334,1.6925E-01,1.6302E-01,2.4293E+02
1335,2.3117E-01,2.2244E-01,3.3230E+02
1336,1.8348E-01,1.7670E-01,2.6414E+02
1337,1.6454E-01,1.5852E-01,2.3723E+02
1338,1.7804E-01,1.7151E-01,2.5708E+02
1339,1.7681E-01,1.7033E-01,2.5568E+02
1340,1.6831E-01,1.6216E-01,2.4375E+02
1341,1.7039E-01,1.6419E-01,2.4714E+02
1342,1.7798E-01,1.7149E-01,2.5853E+02
1343,1.2711E-01,1.2259E-01,1.8491E+02
1344,7.5645E-02,7.3018E-02,1.1021E+02
1345,1.0904E-01,1.0521E-01,1.5910E+02
1346,5.8186E-02,5.6189E-02,8.5024E+01
1347,6.0119E-02,5.8058E-02,8.7979E+01
1348,4.7451E-03,4.5862E-03,6.9544E+00
1349,1.6159E-02,1.5617E-02,2.3718E+01
1350,1.6025E-02,1.5488E-02,2.3556E+01
1351,4.6298E-03,4.4759E-03,6.8156E+00
1352,1.5164E-03,1.4661E-03,2.2356E+00
1353,9.6096E-05,9.2918E-05,1.4188E-01
1354,2.9009E-04,2.8051E-04,4.2895E-01
1355,3.6034E-06,3.4847E-06,5.3361E-03
1356,4.8070E-05,4.6489E-05,7.1290E-02
1357,7.1786E-05,6.9429E-05,1.0662E-01
1358,4.1948E-06,4.0575E-06,6.2394E-03
1359,7.3439E-07,7.1040E-07,1.0940E-03
1360,2.1404E-06,2.0706E-06,3.1931E-03
1361,4.8133E-09,4.6566E-09,7.1911E-06
1362,1.8076E-11,1.7489E-11,2.7045E-08
1363,3.1563E-06,3.0540E-06,4.7294E-03
1364,1.3589E-06,1.3150E-06,2.0392E-03
1365,9.0764E-12,8.7833E-12,1.3640E-08
1366,1.2791E-05,1.2379E-05,1.9250E-02
1367,4.9764E-06,4.8161E-06,7.5004E-03
1368,1.4810E-13,1.4311E-13,2.2354E-10
1369,5.1667E-07,5.0008E-07,7.8101E-04
1370,2.9200E-07,2.8266E-07,4.4204E-04
1371,1.9731E-08,1.9101E-08,2.9913E-05
1372,2.7498E-06,2.6623E-06,4.1749E-03
1373,4.4401E-05,4.2991E-05,6.7510E-02
1374,1.7917E-04,1.7350E-04,2.7282E-01
1375,3.2332E-04,3.1309E-04,4.9303E-01
1376,2.5748E-04,2.4935E-04,3.9320E-01
1377,1.2270E-04,1.1883E-04,1.8765E-01
1378,1.1089E-03,1.0741E-03,1.6983E+00
1379,5.2164E-05,5.0533E-05,8.0008E-02
1380,8.1587E-05,7.9042E-05,1.2532E-01
1381,2.3716E-06,2.2978E-06,3.6481E-03
1382,2.5672E-06,2.4874E-06,3.9547E-03
1383,4.4017E-08,4.2653E-08,6.7904E-05
1384,6.1689E-07,5.9782E-07,9.5305E-04
1385,2.0899E-06,2.0255E-06,3.2334E-03
1386,2.5215E-06,2.4441E-06,3.9068E-03
1387,1.9896E-04,1.9288E-04,3.0871E-01
1388,4.0262E-06,3.9037E-06,6.2562E-03
1389,5.8098E-04,5.6338E-04,9.0406E-01
1390,4.9328E-04,4.7836E-04,7.6870E-01
1391,3.4384E-04,3.3345E-04,5.3659E-01
1392,2.3782E-05,2.3065E-05,3.7167E-02
1393,1.1586E-04,1.1238E-04,1.8133E-01
1394,7.5526E-05,7.3268E-05,1.1837E-01
1395,6.7136E-07,6.5137E-07,1.0537E-03
1396,6.3215E-09,6.1338E-09,9.9363E-06
1397,4.9057E-05,4.7605E-05,7.7220E-02
1398,1.2704E-03,1.2329E-03,2.0026E+00
1399,8.1226E-04,7.8835E-04,1.2822E+00
1400,3.2466E-09,3.1513E-09,5.1324E-06
1401,1.0528E-08,1.0219E-08,1.6667E-05
1402,1.8353E-03,1.7817E-03,2.9096E+00
1403,2.3800E-03,2.3108E-03,3.7786E+00
1404,7.3892E-04,7.1755E-04,1.1748E+00
1405,3.6444E-07,3.5395E-07,5.8025E-04
1406,2.0448E-03,1.9861E-03,3.2603E+00
1407,1.7457E-04,1.6957E-04,2.7874E-01
1408,1.6493E-03,1.6023E-03,2.6372E+00
1409,6.1919E-04,6.0159E-04,9.9147E-01
1410,4.6653E-04,4.5332E-04,7.4809E-01
1411,2.1142E-03,2.0544E-03,3.3950E+00
1412,2.6396E-03,2.5650E-03,4.2446E+00
1413,2.3353E-02,2.2690E-02,3.7606E+01
1414,3.6378E-04,3.5359E-04,5.8664E-01
1415,1.8366E-04,1.7854E-04,2.9659E-01
1416,3.5565E-02,3.4561E-02,5.7515E+01
1417,1.1759E-02,1.1431E-02,1.9043E+01
1418,1.3559E-02,1.3182E-02,2.1989E+01
1419,2.1442E-03,2.0851E-03,3.4823E+00
1420,8.2718E-03,8.0437E-03,1.3453E+01
1421,9.1637E-03,8.9117E-03,1.4924E+01
1422,4.6314E-02,4.5023E-02,7.5534E+01
1423,9.2198E-03,8.9676E-03,1.5058E+01
1424,1.6975E-02,1.6511E-02,2.7763E+01
1425,2.5850E-02,2.5142E-02,4.2337E+01
1426,2.7792E-02,2.7032E-02,4.5582E+01
1427,4.9546E-02,4.8180E-02,8.1375E+01
1428,4.5588E-03,4.4360E-03,7.4979E+00
1429,3.8020E-02,3.6985E-02,6.2620E+01
1430,6.1601E-02,5.9912E-02,1.0160E+02
1431,5.0156E-02,4.8792E-02,8.2839E+01
1432,2.5194E-03,2.4524E-03,4.1669E+00
1433,3.5834E-02,3.4870E-02,5.9350E+01
1434,2.0962E-02,2.0403E-02,3.4767E+01
1435,2.1416E-02,2.0847E-02,3.5569E+01
1436,3.8351E-02,3.7326E-02,6.3785E+01
1437,2.9880E-02,2.9085E-02,4.9765E+01
1438,1.3263E-02,1.2913E-02,2.2120E+01
1439,5.1039E-02,4.9672E-02,8.5243E+01
1440,3.9601E-02,3.8547E-02,6.6232E+01
1441,3.1800E-02,3.0959E-02,5.3258E+01
1442,3.6317E-02,3.5356E-02,6.0908E+01
1443,4.5063E-02,4.3868E-02,7.5681E+01
1444,6.1791E-02,6.0143E-02,1.0392E+02
1445,4.9751E-02,4.8434E-02,8.3786E+01
1446,2.3095E-02,2.2492E-02,3.8948E+01
1447,3.6215E-02,3.5265E-02,6.1159E+01
1448,1.1569E-01,1.1254E-01,1.9564E+02
1449,1.0213E-01,9.9374E-02,1.7295E+02
1450,2.7412E-02,2.6699E-02,4.6485E+01
1451,1.1271E-02,1.0980E-02,1.9140E+01
1452,6.2361E-02,6.0718E-02,1.0604E+02
1453,8.1978E-02,7.9803E-02,1.3959E+02
1454,1.3759E-01,1.3384E-01,2.3461E+02
1455,6.6150E-02,6.4409E-02,1.1295E+02
1456,8.8509E-02,8.6158E-02,1.5134E+02
1457,1.1700E-01,1.1386E-01,2.0033E+02
1458,1.3643E-01,1.3273E-01,2.3392E+02
1459,1.6307E-01,1.5860E-01,2.7997E+02
1460,8.5421E-02,8.3161E-02,1.4686E+02
1461,9.0276E-02,8.7886E-02,1.5542E+02
1462,1.3060E-01,1.2708E-01,2.2515E+02
1463,4.3225E-02,4.2106E-02,7.4620E+01
1464,1.5184E-01,1.4770E-01,2.6248E+02
1465,9.3383E-02,9.0911E-02,1.6165E+02
1466,6.5197E-02,6.3498E-02,1.1301E+02
1467,3.6054E-02,3.5128E-02,6.2582E+01
1468,7.6942E-02,7.4928E-02,1.3374E+02
1469,9.4845E-02,9.2344E-02,1.6508E+02
1470,4.9678E-02,4.8397E-02,8.6583E+01
1471,1.7848E-02,1.7394E-02,3.1149E+01
1472,4.6771E-02,4.5566E-02,8.1738E+01
1473,7.0198E-02,6.8368E-02,1.2285E+02
1474,9.7339E-02,9.4765E-02,1.7058E+02
1475,1.8463E-01,1.7954E-01,3.2398E+02
1476,6.8778E-02,6.6987E-02,1.2085E+02
1477,6.9736E-02,6.7916E-02,1.2270E+02
1478,6.3480E-02,6.1825E-02,1.1185E+02
1479,1.2001E-01,1.1680E-01,2.1173E+02
1480,6.0637E-02,5.9063E-02,1.0713E+02
1481,1.1529E-01,1.1221E-01,2.0396E+02
1482,5.8490E-02,5.6967E-02,1.0361E+02
1483,1.4859E-01,1.4454E-01,2.6358E+02
1484,1.3747E-01,1.3375E-01,2.4418E+02
1485,1.2503E-01,1.2168E-01,2.2238E+02
1486,1.2340E-01,1.2008E-01,2.1978E+02
1487,6.0629E-02,5.9042E-02,1.0813E+02
1488,9.4180E-02,9.1654E-02,1.6819E+02
1489,1.8973E-01,1.8443E-01,3.3928E+02
1490,1.7478E-01,1.6993E-01,3.1297E+02
1491,1.9778E-01,1.9222E-01,3.5463E+02
1492,1.6441E-01,1.5986E-01,2.9519E+02
1493,1.8157E-01,1.7651E-01,3.2644E+02
1494,2.0367E-01,1.9794E-01,3.6666E+02
1495,1.8253E-01,1.7745E-01,3.2904E+02
1496,1.6852E-01,1.6385E-01,3.0419E+02
1497,2.2850E-01,2.2198E-01,4.1301E+02
1498,1.8968E-01,1.8437E-01,3.4330E+02
1499,2.1759E-01,2.1141E-01,3.9434E+02
1500,2.5061E-01,2.4339E-01,4.5479E+02
1501,2.6552E-01,2.5782E-01,4.8249E+02
1502,2.3356E-01,2.2688E-01,4.2498E+02
1503,1.8493E-01,1.7972E-01,3.3695E+02
1504,1.6029E-01,1.5586E-01,2.9244E+02
1505,1.8402E-01,1.7885E-01,3.3618E+02
1506,2.5773E-01,2.5026E-01,4.7146E+02
1507,2.5514E-01,2.4779E-01,4.6735E+02
1508,2.4302E-01,2.3606E-01,4.4574E+02
1509,1.8690E-01,1.8169E-01,3.4326E+02
1510,2.7052E-01,2.6269E-01,4.9749E+02
1511,2.6474E-01,2.5710E-01,4.8751E+02
1512,2.6068E-01,2.5315E-01,4.8067E+02
1513,2.4239E-01,2.3544E-01,4.4753E+02
1514,2.2571E-01,2.1930E-01,4.1729E+02
1515,2.6573E-01,2.5804E-01,4.9193E+02
1516,2.5683E-01,2.4943E-01,4.7608E+02
1517,2.4929E-01,2.4214E-01,4.6271E+02
1518,2.5211E-01,2.4489E-01,4.6856E+02
1519,2.4437E-01,2.3739E-01,4.5478E+02
1520,2.6450E-01,2.5688E-01,4.9289E+02
1521,2.7505E-01,2.6707E-01,5.1322E+02
1522,2.6378E-01,2.5617E-01,4.9284E+02
1523,2.8004E-01,2.7192E-01,5.2391E+02
1524,2.7539E-01,2.6743E-01,5.1588E+02
1525,2.5884E-01,2.5140E-01,4.8552E+02
1526,2.6745E-01,2.5977E-01,5.0233E+02
1527,2.6220E-01,2.5468E-01,4.9311E+02
1528,2.7928E-01,2.7122E-01,5.2592E+02
1529,2.7244E-01,2.6460E-01,5.1371E+02
1530,2.5522E-01,2.4789E-01,4.8187E+02
1531,2.6973E-01,2.6200E-01,5.0993E+02
1532,2.7839E-01,2.7039E-01,5.2699E+02
1533,2.7714E-01,2.6918E-01,5.2531E+02
1534,2.6892E-01,2.6122E-01,5.1040E+02
1535,2.6686E-01,2.5924E-01,5.0715E+02
1536,2.7464E-01,2.6679E-01,5.2261E+02
1537,2.7336E-01,2.6558E-01,5.2085E+02
1538,2.7202E-01,2.6427E-01,5.1898E+02
1539,2.7295E-01,2.6519E-01,5.2143E+02
1540,2.6491E-01,2.5737E-01,5.0673E+02
1541,2.6904E-01,2.6141E-01,5.1529E+02
1542,2.6927E-01,2.6165E-01,5.1640E+02
1543,2.7208E-01,2.6439E-01,5.2247E+02
1544,2.7210E-01,2.6443E-01,5.2319E+02
1545,2.7705E-01,2.6922E-01,5.3339E+02
1546,2.7481E-01,2.6705E-01,5.2977E+02
1547,2.7309E-01,2.6537E-01,5.2713E+02
1548,2.6675E-01,2.5920E-01,5.1556E+02
1549,2.7342E-01,2.6568E-01,5.2914E+02
1550,2.6990E-01,2.6226E-01,5.2300E+02
1551,2.7058E-01,2.6293E-01,5.2499E+02
1552,2.7182E-01,2.6415E-01,5.2808E+02
1553,2.7132E-01,2.6366E-01,5.2779E+02
1554,2.6474E-01,2.5727E-01,5.1565E+02
1555,2.6759E-01,2.6005E-01,5.2187E+02
1556,2.6310E-01,2.5569E-01,5.1378E+02
1557,2.7062E-01,2.6301E-01,5.2914E+02
1558,2.6848E-01,2.6093E-01,5.2563E+02
1559,2.6808E-01,2.6054E-01,5.2552E+02
1560,2.6568E-01,2.5821E-01,5.2148E+02
1561,2.7002E-01,2.6242E-01,5.3068E+02
1562,2.6756E-01,2.6003E-01,5.2652E+02
1563,2.6667E-01,2.5917E-01,5.2544E+02
1564,2.6264E-01,2.5525E-01,5.1816E+02
1565,2.6728E-01,2.5975E-01,5.2799E+02
1566,2.6245E-01,2.5506E-01,5.1912E+02
1567,2.6308E-01,2.5566E-01,5.2103E+02
1568,2.5722E-01,2.4997E-01,5.1007E+02
1569,2.5452E-01,2.4736E-01,5.0536E+02
1570,2.4175E-01,2.3497E-01,4.8062E+02
1571,2.3507E-01,2.2850E-01,4.6793E+02
1572,2.3775E-01,2.3108E-01,4.7387E+02
1573,2.3407E-01,2.2750E-01,4.6713E+02
1574,2.4145E-01,2.3464E-01,4.8247E+02
1575,2.3974E-01,2.3294E-01,4.7966E+02
1576,2.4678E-01,2.3980E-01,4.9437E+02
1577,2.1602E-01,2.0994E-01,4.3330E+02
1578,2.3516E-01,2.2854E-01,4.7229E+02
1579,2.3672E-01,2.3005E-01,4.7603E+02
1580,2.4464E-01,2.3772E-01,4.9258E+02
1581,2.4870E-01,2.4165E-01,5.0139E+02
1582,2.4195E-01,2.3508E-01,4.8840E+02
1583,2.4755E-01,2.4051E-01,5.0033E+02
1584,2.4904E-01,2.4194E-01,5.0398E+02
1585,2.5874E-01,2.5135E-01,5.2427E+02
1586,2.5569E-01,2.4838E-01,5.1874E+02
1587,2.5303E-01,2.4579E-01,5.1400E+02
1588,2.5107E-01,2.4388E-01,5.1066E+02
1589,2.3233E-01,2.2567E-01,4.7314E+02
1590,2.4179E-01,2.3486E-01,4.9302E+02
1591,2.4197E-01,2.3503E-01,4.9401E+02
1592,2.5225E-01,2.4502E-01,5.1565E+02
1593,2.5833E-01,2.5092E-01,5.2874E+02
1594,2.5624E-01,2.4890E-01,5.2512E+02
1595,2.5823E-01,2.5083E-01,5.2986E+02
1596,2.4452E-01,2.3751E-01,5.0236E+02
1597,2.4692E-01,2.3985E-01,5.0793E+02
1598,2.5421E-01,2.4693E-01,5.2358E+02
1599,2.4202E-01,2.3511E-01,4.9909E+02
1600,2.3810E-01,2.3133E-01,4.9162E+02
1601,2.2323E-01,2.1691E-01,4.6150E+02
1602,2.2413E-01,2.1780E-01,4.6394E+02
1603,2.2397E-01,2.1765E-01,4.6418E+02
1604,2.2842E-01,2.2197E-01,4.7400E+02
1605,2.3683E-01,2.3010E-01,4.9206E+02
1606,2.4140E-01,2.3453E-01,5.0218E+02
1607,2.3296E-01,2.2637E-01,4.8523E+02
1608,2.2990E-01,2.2343E-01,4.7945E+02
1609,2.2727E-01,2.2088E-01,4.7456E+02
1610,2.1760E-01,2.1146E-01,4.5493E+02
1611,2.2680E-01,2.2039E-01,4.7475E+02
1612,2.3076E-01,2.2422E-01,4.8364E+02
1613,2.3719E-01,2.3047E-01,4.9774E+02
1614,2.3838E-01,2.3162E-01,5.0085E+02
1615,2.4104E-01,2.3420E-01,5.0707E+02
1616,2.3050E-01,2.2395E-01,4.8550E+02
1617,2.3465E-01,2.2798E-01,4.9485E+02
1618,2.4352E-01,2.3660E-01,5.1419E+02
1619,2.4100E-01,2.3415E-01,5.0950E+02
1620,2.3449E-01,2.2783E-01,4.9635E+02
1621,2.3430E-01,2.2765E-01,4.9656E+02
1622,2.3754E-01,2.3081E-01,5.0405E+02
1623,2.4246E-01,2.3559E-01,5.1512E+02
1624,2.4269E-01,2.3582E-01,5.1625E+02
1625,2.3782E-01,2.3109E-01,5.0651E+02
1626,2.3971E-01,2.3294E-01,5.1116E+02
1627,2.4078E-01,2.3398E-01,5.1408E+02
1628,2.4126E-01,2.3446E-01,5.1574E+02
1629,2.4137E-01,2.3456E-01,5.1661E+02
1630,2.3651E-01,2.2984E-01,5.0683E+02
1631,2.3806E-01,2.3136E-01,5.1077E+02
1632,2.3821E-01,2.3151E-01,5.1172E+02
1633,2.3267E-01,2.2614E-01,5.0043E+02
1634,2.3282E-01,2.2628E-01,5.0137E+02
1635,2.3367E-01,2.2712E-01,5.0382E+02
1636,2.3539E-01,2.2879E-01,5.0815E+02
1637,2.2700E-01,2.2064E-01,4.9063E+02
1638,2.2007E-01,2.1393E-01,4.7624E+02
1639,2.2026E-01,2.1410E-01,4.7723E+02
1640,2.1511E-01,2.0913E-01,4.6664E+02
1641,2.1960E-01,2.1348E-01,4.7696E+02
1642,2.2082E-01,2.1467E-01,4.8020E+02
1643,2.1535E-01,2.0939E-01,4.6887E+02
1644,2.2355E-01,2.1733E-01,4.8732E+02
1645,2.1822E-01,2.1216E-01,4.7628E+02
1646,2.1749E-01,2.1147E-01,4.7526E+02
1647,2.2768E-01,2.2135E-01,4.9813E+02
1648,2.1655E-01,2.1057E-01,4.7436E+02
1649,2.1867E-01,2.1261E-01,4.7958E+02
1650,2.2526E-01,2.1902E-01,4.9464E+02
1651,2.0855E-01,2.0281E-01,4.5850E+02
1652,2.2373E-01,2.1754E-01,4.9247E+02
1653,2.2277E-01,2.1661E-01,4.9095E+02
1654,2.1583E-01,2.0991E-01,4.7623E+02
1655,2.2231E-01,2.1619E-01,4.9112E+02
1656,2.2101E-01,2.1494E-01,4.8884E+02
1657,2.2223E-01,2.1613E-01,4.9213E+02
1658,2.2487E-01,2.1870E-01,4.9858E+02
1659,2.2120E-01,2.1514E-01,4.9103E+02
1660,2.2332E-01,2.1721E-01,4.9634E+02
1661,2.2384E-01,2.1774E-01,4.9809E+02
1662,2.1908E-01,2.1313E-01,4.8809E+02
1663,2.2235E-01,2.1630E-01,4.9597E+02
1664,2.2098E-01,2.1498E-01,4.9351E+02
1665,2.1178E-01,2.0607E-01,4.7353E+02
1666,1.7884E-01,1.7411E-01,4.0036E+02
1667,2.1068E-01,2.0502E-01,4.7220E+02
1668,2.1459E-01,2.0881E-01,4.8154E+02
1669,2.1516E-01,2.0939E-01,4.8340E+02
1670,2.2168E-01,2.1573E-01,4.9865E+02
1671,2.1879E-01,2.1294E-01,4.9274E+02
1672,2.1147E-01,2.0582E-01,4.7682E+02
1673,2.1629E-01,2.1052E-01,4.8827E+02
1674,2.1575E-01,2.1002E-01,4.8764E+02
1675,2.1360E-01,2.0793E-01,4.8335E+02
1676,2.1145E-01,2.0584E-01,4.7906E+02
1677,2.1229E-01,2.0668E-01,4.8154E+02
1678,2.0915E-01,2.0365E-01,4.7498E+02
1679,2.1303E-01,2.0741E-01,4.8437E+02
1680,2.0558E-01,2.0017E-01,4.6799E+02
1681,1.9447E-01,1.8936E-01,4.4322E+02
1682,2.0366E-01,1.9830E-01,4.6472E+02
1683,2.0906E-01,2.0357E-01,4.7761E+02
1684,1.9797E-01,1.9283E-01,4.5281E+02
1685,2.1321E-01,2.0763E-01,4.8825E+02
1686,2.1026E-01,2.0476E-01,4.8206E+02
1687,2.0484E-01,1.9951E-01,4.7020E+02
1688,2.1013E-01,2.0465E-01,4.8291E+02
1689,2.0718E-01,2.0178E-01,4.7670E+02
1690,2.0523E-01,1.9991E-01,4.7277E+02
1691,1.9303E-01,1.8808E-01,4.4519E+02
1692,2.0708E-01,2.0174E-01,4.7816E+02
1693,2.1134E-01,2.0587E-01,4.8857E+02
1694,2.0477E-01,1.9950E-01,4.7394E+02
1695,2.0968E-01,2.0427E-01,4.8588E+02
1696,2.0922E-01,2.0383E-01,4.8539E+02
1697,1.8107E-01,1.7649E-01,4.2058E+02
1698,2.0739E-01,2.0207E-01,4.8228E+02
1699,2.0551E-01,2.0024E-01,4.7847E+02
1700,1.9975E-01,1.9464E-01,4.6561E+02
1702,2.0396E-01,1.9874E-01,4.7654E+02
1705,1.9778E-01,1.9275E-01,4.6373E+02
1710,1.8790E-01,1.8316E-01,4.4315E+02
1715,1.8965E-01,1.8490E-01,4.4990E+02
1720,1.8698E-01,1.8231E-01,4.4615E+02
1725,1.7808E-01,1.7367E-01,4.2739E+02
1730,1.7407E-01,1.6979E-01,4.2019E+02
1735,1.6154E-01,1.5758E-01,3.9220E+02
1740,1.6818E-01,1.6405E-01,4.1068E+02
1745,1.5481E-01,1.5105E-01,3.8021E+02
1750,1.6566E-01,1.6162E-01,4.0919E+02
1755,1.5301E-01,1.4931E-01,3.8011E+02
1760,1.5998E-01,1.5608E-01,3.9969E+02
1765,1.3284E-01,1.2967E-01,3.3377E+02
1770,1.4172E-01,1.3831E-01,3.5811E+02
1775,1.1484E-01,1.1213E-01,2.9183E+02
1780,1.0050E-01,9.8143E-02,2.5683E+02
1785,7.6981E-02,7.5201E-02,1.9783E+02
1790,8.8904E-02,8.6831E-02,2.2975E+02
1795,4.6931E-02,4.5864E-02,1.2196E+02
1800,3.1828E-02,3.1112E-02,8.3174E+01
1805,1.4815E-02,1.4485E-02,3.8930E+01
1810,9.6911E-03,9.4762E-03,2.5607E+01
1815,3.2816E-03,3.2093E-03,8.7191E+00
1820,9.8755E-04,9.6578E-04,2.6384E+00
1825,1.2744E-03,1.2463E-03,3.4235E+00
1830,5.2041E-06,5.0896E-06,1.4057E-02
1835,6.4190E-06,6.2784E-06,1.7433E-02
1840,6.2703E-08,6.1337E-08,1.7122E-04
1845,6.2658E-06,6.1298E-06,1.7203E-02
1850,2.9993E-06,2.9348E-06,8.2794E-03
1855,2.8396E-07,2.7795E-07,7.8810E-04
1860,1.1151E-05,1.0920E-05,3.1115E-02
1865,1.6982E-05,1.6644E-05,4.7641E-02
1870,2.6662E-10,2.6148E-10,7.5199E-07
1875,4.5130E-10,4.4296E-10,1.2797E-06
1880,7.7505E-05,7.6123E-05,2.2094E-01
1885,4.3890E-05,4.3129E-05,1.2578E-01
1890,2.2333E-04,2.1956E-04,6.4343E-01
1895,1.2947E-04,1.2743E-04,3.7499E-01
1900,8.6221E-07,8.4916E-07,2.5105E-03
1905,5.6667E-07,5.5798E-07,1.6586E-03
1910,2.3045E-05,2.2726E-05,6.7807E-02
1915,1.9947E-05,1.9673E-05,5.9000E-02
1920,4.5069E-04,4.4451E-04,1.3400E+00
1925,9.3615E-04,9.2326E-04,2.7980E+00
1930,5.5242E-04,5.4474E-04,1.6597E+00
1935,3.5935E-03,3.5428E-03,1.0852E+01
1940,3.2821E-03,3.2357E-03,9.9630E+00
1945,1.0863E-02,1.0707E-02,3.3145E+01
1950,1.6727E-02,1.6482E-02,5.1300E+01
1955,1.0036E-02,9.8860E-03,3.0938E+01
1960,2.1906E-02,2.1569E-02,6.7875E+01
1965,2.8563E-02,2.8114E-02,8.8953E+01
1970,4.8847E-02,4.8055E-02,1.5290E+02
1975,6.7857E-02,6.6730E-02,2.1348E+02
1980,7.5512E-02,7.4234E-02,2.3877E+02
1985,8.3063E-02,8.1625E-02,2.6397E+02
1990,8.5613E-02,8.4124E-02,2.7345E+02
1995,8.1190E-02,7.9787E-02,2.6063E+02
2000,3.8156E-02,3.7491E-02,1.2310E+02
2005,1.5001E-02,1.4747E-02,4.8639E+01
2010,3.9748E-02,3.9071E-02,1.2952E+02
2015,2.6648E-02,2.6208E-02,8.7267E+01
2020,4.4981E-02,4.4239E-02,1.4804E+02
2025,7.4010E-02,7.2779E-02,2.4478E+02
2030,8.4856E-02,8.3460E-02,2.8204E+02
2035,9.6386E-02,9.4808E-02,3.2194E+02
2040,8.9781E-02,8.8344E-02,3.0136E+02
2045,9.1074E-02,8.9636E-02,3.0720E+02
2050,6.7927E-02,6.6892E-02,2.3024E+02
2055,5.4906E-02,5.4090E-02,1.8702E+02
2060,6.9193E-02,6.8157E-02,2.3683E+02
2065,6.1875E-02,6.0962E-02,2.1281E+02
2070,6.5676E-02,6.4715E-02,2.2698E+02
2075,7.7443E-02,7.6305E-02,2.6894E+02
2080,8.6812E-02,8.5528E-02,3.0293E+02
2085,8.5102E-02,8.3847E-02,2.9839E+02
2090,8.9100E-02,8.7779E-02,3.1391E+02
2095,8.9747E-02,8.8421E-02,3.1770E+02
2100,8.6133E-02,8.4869E-02,3.0637E+02
2105,9.3153E-02,9.1771E-02,3.3292E+02
2110,8.9654E-02,8.8320E-02,3.2194E+02
2115,9.1673E-02,9.0308E-02,3.3075E+02
2120,8.7588E-02,8.6281E-02,3.1750E+02
2125,8.8632E-02,8.7303E-02,3.2281E+02
2130,8.9774E-02,8.8422E-02,3.2851E+02
2135,9.0044E-02,8.8679E-02,3.3104E+02
2140,9.0767E-02,8.9390E-02,3.3527E+02
2145,8.9486E-02,8.8132E-02,3.3208E+02
2150,8.4639E-02,8.3369E-02,3.1556E+02
2155,8.4840E-02,8.3566E-02,3.1778E+02
2160,8.4170E-02,8.2912E-02,3.1674E+02
2165,7.6310E-02,7.5175E-02,2.8849E+02
2170,8.1996E-02,8.0776E-02,3.1142E+02
2175,8.0448E-02,7.9257E-02,3.0695E+02
2180,8.1808E-02,8.0597E-02,3.1358E+02
2185,7.4550E-02,7.3458E-02,2.8707E+02
2190,7.9068E-02,7.7905E-02,3.0586E+02
2195,7.8992E-02,7.7833E-02,3.0696E+02
2200,7.1202E-02,7.0175E-02,2.7795E+02
2205,7.4010E-02,7.2947E-02,2.9023E+02
2210,7.9315E-02,7.8174E-02,3.1244E+02
2215,7.6273E-02,7.5189E-02,3.0182E+02
2220,7.7730E-02,7.6631E-02,3.0898E+02
2225,7.5453E-02,7.4400E-02,3.0128E+02
2230,7.5773E-02,7.4727E-02,3.0392E+02
2235,7.4299E-02,7.3290E-02,2.9934E+02
2240,7.3118E-02,7.2140E-02,2.9591E+02
2245,7.0838E-02,6.9911E-02,2.8796E+02
2250,7.1937E-02,7.1034E-02,2.9373E+02
2255,6.7690E-02,6.6865E-02,2.7762E+02
2260,6.6929E-02,6.6143E-02,2.7572E+02
2265,6.8137E-02,6.7355E-02,2.8194E+02
2270,6.4867E-02,6.4138E-02,2.6959E+02
2275,6.4021E-02,6.3309E-02,2.6725E+02
2280,6.6288E-02,6.5551E-02,2.7793E+02
2285,6.3080E-02,6.2389E-02,2.6564E+02
2290,6.3220E-02,6.2534E-02,2.6740E+02
2295,6.1265E-02,6.0603E-02,2.6026E+02
2300,5.8824E-02,5.8193E-02,2.5098E+02
2305,5.9171E-02,5.8544E-02,2.5356E+02
2310,6.3870E-02,6.3189E-02,2.7489E+02
2315,5.8141E-02,5.7528E-02,2.5131E+02
2320,5.2031E-02,5.1489E-02,2.2588E+02
2325,5.6215E-02,5.5626E-02,2.4509E+02
2330,5.6824E-02,5.6231E-02,2.4882E+02
2335,5.7967E-02,5.7362E-02,2.5491E+02
2340,4.5836E-02,4.5366E-02,2.0243E+02
2345,5.1400E-02,5.0869E-02,2.2797E+02
2350,4.1536E-02,4.1115E-02,1.8501E+02
2355,4.7473E-02,4.6988E-02,2.1235E+02
2360,5.0237E-02,4.9724E-02,2.2567E+02
2365,4.9409E-02,4.8909E-02,2.2290E+02
2370,3.0817E-02,3.0514E-02,1.3961E+02
2375,4.4147E-02,4.3704E-02,2.0085E+02
2380,4.2552E-02,4.2128E-02,1.9441E+02
2385,3.0826E-02,3.0525E-02,1.4143E+02
2390,3.7109E-02,3.6748E-02,1.7097E+02
2395,4.0594E-02,4.0199E-02,1.8780E+02
2400,4.4150E-02,4.3726E-02,2.0511E+02
2405,3.3599E-02,3.3286E-02,1.5674E+02
2410,3.3813E-02,3.3504E-02,1.5840E+02
2415,2.7300E-02,2.7058E-02,1.2842E+02
2420,2.6590E-02,2.6358E-02,1.2560E+02
2425,3.3078E-02,3.2802E-02,1.5689E+02
2430,4.5099E-02,4.4725E-02,2.1479E+02
2435,1.4878E-02,1.4765E-02,7.1150E+01
2440,4.3249E-02,4.2926E-02,2.0768E+02
2445,2.0798E-02,2.0657E-02,1.0028E+02
2450,1.3611E-02,1.3523E-02,6.5896E+01
2455,2.4853E-02,2.4695E-02,1.2081E+02
2460,3.3363E-02,3.3157E-02,1.6284E+02
2465,2.4148E-02,2.4009E-02,1.1834E+02
2470,1.6727E-02,1.6635E-02,8.2309E+01
2475,1.6455E-02,1.6368E-02,8.1298E+01
2480,8.0395E-03,7.9996E-03,3.9881E+01
2485,5.6102E-03,5.5840E-03,2.7942E+01
2490,3.5113E-03,3.4957E-03,1.7559E+01
2495,2.8772E-03,2.8647E-03,1.4446E+01
2500,7.0642E-03,7.0328E-03,3.5610E+01
2505,1.5191E-03,1.5124E-03,7.6884E+00
2510,2.2163E-03,2.2063E-03,1.1262E+01
2515,5.1880E-04,5.1644E-04,2.6467E+00
2520,3.7054E-04,3.6879E-04,1.8979E+00
2525,4.1393E-05,4.1194E-05,2.1285E-01
2530,6.3593E-07,6.3279E-07,3.2831E-03
2535,1.7502E-07,1.7415E-07,9.0715E-04
2540,3.7716E-07,3.7521E-07,1.9626E-03
2545,5.3758E-11,5.3469E-11,2.8084E-07
2550,2.8222E-13,2.8066E-13,1.4801E-09
2555,1.0435E-09,1.0377E-09,5.4942E-06
2560,3.1020E-11,3.0842E-11,1.6397E-07
2565,1.5955E-14,1.5846E-14,8.4665E-11
2570,1.5258E-18,1.5151E-18,8.1283E-15
2575,1.0786E-27,1.0708E-27,5.7683E-24
2580,3.8214E-22,3.7933E-22,2.0516E-18
2585,1.7194E-34,1.7064E-34,9.2668E-31
2590,5.4793E-31,5.4369E-31,2.9645E-27
2595,2.2838E-33,2.2666E-33,1.2404E-29
2600,4.4912E-28,4.4556E-28,2.4487E-24
2605,5.8053E-35,5.7592E-35,3.1774E-31
2610,5.9447E-34,5.8970E-34,3.2662E-30
2615,1.1196E-37,1.1106E-37,6.1750E-34
2620,5.6505E-29,5.6056E-29,3.1284E-25
2625,3.8687E-28,3.8378E-28,2.1501E-24
2630,2.8026E-45,2.8026E-45,1.5635E-41
2635,3.9027E-16,3.8719E-16,2.1855E-12
2640,1.1750E-16,1.1657E-16,6.6051E-13
2645,8.9988E-19,8.9292E-19,5.0777E-15
2650,1.4295E-19,1.4186E-19,8.0967E-16
2655,1.3133E-27,1.3036E-27,7.4667E-24
2660,2.6068E-25,2.5880E-25,1.4877E-21
2665,1.1123E-37,1.1045E-37,6.3716E-34
2670,0.0000E+00,0.0000E+00,0.0000E+00
2675,0.0000E+00,0.0000E+00,0.0000E+00
2680,0.0000E+00,0.0000E+00,0.0000E+00
2685,0.0000E+00,0.0000E+00,0.0000E+00
2690,1.0226E-29,1.0178E-29,5.9682E-26
2695,7.1284E-33,7.1014E-33,4.1758E-29
2700,0.0000E+00,0.0000E+00,0.0000E+00
2705,2.9315E-42,2.9273E-42,1.7300E-38
2710,1.1250E-35,1.1239E-35,6.6638E-32
2715,3.8557E-26,3.8549E-26,2.2923E-22
2720,5.6052E-45,5.6052E-45,3.3447E-41
2725,7.2935E-22,7.3094E-22,4.3682E-18
2730,6.0734E-19,6.0929E-19,3.6508E-15
2735,5.4888E-21,5.5121E-21,3.3115E-17
2740,2.3314E-27,2.3435E-27,1.4117E-23
2745,1.3146E-23,1.3224E-23,7.9894E-20
2750,1.6648E-28,1.6758E-28,1.0155E-24
2755,6.7262E-44,6.7262E-44,4.1176E-40
2760,0.0000E+00,0.0000E+00,0.0000E+00
2765,2.6777E-27,2.7001E-27,1.6511E-23
2770,8.3791E-24,8.4528E-24,5.1855E-20
2775,3.9990E-38,4.0360E-38,2.4838E-34
2780,4.8067E-34,4.8532E-34,2.9962E-30
2785,3.8866E-27,3.9255E-27,2.4314E-23
2790,1.2170E-16,1.2295E-16,7.6407E-13
2795,3.6205E-16,3.6591E-16,2.2812E-12
2800,1.6484E-12,1.6665E-12,1.0423E-08
2805,6.7478E-14,6.8228E-14,4.2821E-10
2810,4.0233E-10,4.0695E-10,2.5623E-06
2815,2.8685E-10,2.9018E-10,1.8333E-06
2820,2.0548E-11,2.0789E-11,1.3180E-07
2825,1.7605E-07,1.7814E-07,1.1332E-03
2830,3.9008E-06,3.9475E-06,2.5198E-02
2835,2.1276E-10,2.1533E-10,1.3792E-06
2840,1.9609E-07,1.9849E-07,1.2756E-03
2845,4.0575E-05,4.1074E-05,2.6488E-01
2850,1.1566E-06,1.1708E-06,7.5772E-03
2855,4.4867E-07,4.5425E-07,2.9497E-03
2860,2.5356E-05,2.5672E-05,1.6728E-01
2865,1.6763E-04,1.6974E-04,1.1098E+00
2870,6.3129E-06,6.3922E-06,4.1940E-02
2875,3.9170E-04,3.9663E-04,2.6113E+00
2880,2.4724E-04,2.5037E-04,1.6540E+00
2885,4.5332E-04,4.5906E-04,3.0432E+00
2890,1.8623E-04,1.8860E-04,1.2545E+00
2895,2.6643E-03,2.6982E-03,1.8010E+01
2900,8.1152E-04,8.2183E-04,5.5046E+00
2905,1.1096E-04,1.1237E-04,7.5525E-01
2910,2.7220E-03,2.7566E-03,1.8591E+01
2915,1.2581E-03,1.2742E-03,8.6224E+00
2920,2.8948E-03,2.9316E-03,1.9908E+01
2925,1.0835E-03,1.0973E-03,7.4768E+00
2930,5.8858E-03,5.9606E-03,4.0754E+01
2935,6.4903E-03,6.5725E-03,4.5094E+01
2940,1.6273E-03,1.6479E-03,1.1345E+01
2945,1.4489E-03,1.4673E-03,1.0135E+01
2950,5.2276E-03,5.2935E-03,3.6693E+01
2955,2.3361E-03,2.3655E-03,1.6453E+01
2960,4.5971E-03,4.6549E-03,3.2486E+01
2965,7.4379E-03,7.5313E-03,5.2739E+01
2970,3.5233E-04,3.5676E-04,2.5067E+00
2975,8.5429E-04,8.6499E-04,6.0984E+00
2980,1.3381E-03,1.3548E-03,9.5842E+00
2985,6.9628E-03,7.0495E-03,5.0039E+01
2990,1.0280E-02,1.0407E-02,7.4126E+01
2995,4.2755E-03,4.3286E-03,3.0932E+01
3000,7.8472E-03,7.9442E-03,5.6963E+01
3005,2.8906E-03,2.9261E-03,2.1053E+01
3010,6.8479E-03,6.9320E-03,5.0041E+01
3015,5.5551E-03,5.6232E-03,4.0729E+01
3020,6.3369E-04,6.4143E-04,4.6615E+00
3025,7.5031E-03,7.5948E-03,5.5376E+01
3030,6.0753E-03,6.1491E-03,4.4987E+01
3035,2.4986E-03,2.5290E-03,1.8563E+01
3040,2.0242E-03,2.0487E-03,1.5088E+01
3045,4.2090E-03,4.2599E-03,3.1477E+01
3050,1.0321E-03,1.0446E-03,7.7438E+00
3055,2.8947E-04,2.9295E-04,2.1790E+00
3060,6.3012E-03,6.3761E-03,4.7588E+01
3065,2.9113E-03,2.9458E-03,2.2059E+01
3070,1.7492E-03,1.7699E-03,1.3297E+01
3075,6.0221E-03,6.0928E-03,4.5927E+01
3080,3.6224E-03,3.6646E-03,2.7716E+01
3085,1.7671E-03,1.7876E-03,1.3565E+01
3090,2.3805E-03,2.4080E-03,1.8332E+01
3095,6.5510E-04,6.6266E-04,5.0613E+00
3100,4.4010E-03,4.4513E-03,3.4112E+01
3105,9.2155E-04,9.3203E-04,7.1660E+00
3110,8.4569E-04,8.5524E-04,6.5973E+00
3115,2.2677E-03,2.2932E-03,1.7747E+01
3120,9.8197E-03,9.9294E-03,7.7098E+01
3125,3.0289E-03,3.0625E-03,2.3857E+01
3130,5.7614E-03,5.8246E-03,4.5525E+01
3135,1.1446E-02,1.1571E-02,9.0732E+01
3140,3.3241E-03,3.3603E-03,2.6434E+01
3145,3.2517E-03,3.2869E-03,2.5941E+01
3150,6.6744E-03,6.7457E-03,5.3415E+01
3155,5.6366E-03,5.6965E-03,4.5253E+01
3160,9.2320E-03,9.3294E-03,7.4354E+01
3165,1.4017E-02,1.4163E-02,1.1325E+02
3170,1.2516E-02,1.2645E-02,1.0144E+02
3175,9.2302E-03,9.3252E-03,7.5047E+01
3180,1.0621E-02,1.0730E-02,8.6627E+01
3185,8.0823E-03,8.1644E-03,6.6128E+01
3190,4.2388E-03,4.2817E-03,3.4790E+01
3195,2.6927E-03,2.7197E-03,2.2170E+01
3200,4.3843E-04,4.4280E-04,3.6210E+00
3205,3.0973E-04,3.1280E-04,2.5661E+00
3210,1.3634E-04,1.3768E-04,1.1331E+00
3215,4.9752E-04,5.0237E-04,4.1477E+00
3220,1.6089E-03,1.6245E-03,1.3455E+01
3225,1.9875E-04,2.0066E-04,1.6672E+00
3230,3.4080E-04,3.4404E-04,2.8677E+00
3235,7.2940E-03,7.3625E-03,6.1567E+01
3240,3.7464E-03,3.7816E-03,3.1720E+01
3245,7.3409E-04,7.4096E-04,6.2347E+00
3250,2.6067E-03,2.6308E-03,2.2207E+01
3255,9.9378E-03,1.0029E-02,8.4923E+01
3260,1.2248E-03,1.2360E-03,1.0499E+01
3265,2.4465E-03,2.4686E-03,2.1035E+01
3270,1.2186E-03,1.2292E-03,1.0510E+01
3275,5.9265E-03,5.9758E-03,5.1269E+01
3280,2.8644E-03,2.8890E-03,2.4855E+01
3285,1.1128E-02,1.1223E-02,9.6855E+01
3290,8.7571E-03,8.8310E-03,7.6451E+01
3295,1.2234E-03,1.2337E-03,1.0713E+01
3300,1.7794E-03,1.7944E-03,1.5629E+01
3305,3.9416E-03,3.9746E-03,3.4726E+01
3310,3.9235E-03,3.9565E-03,3.4671E+01
3315,1.6133E-05,1.6269E-05,1.4299E-01
3320,5.9987E-05,6.0496E-05,5.3329E-01
3325,3.5187E-03,3.5486E-03,3.1376E+01
3330,4.6616E-03,4.7014E-03,4.1692E+01
3335,9.0694E-03,9.1470E-03,8.1359E+01
3340,3.4602E-03,3.4903E-03,3.1133E+01
3345,3.5408E-03,3.5722E-03,3.1954E+01
3350,8.0277E-03,8.0998E-03,7.2663E+01
3355,3.6308E-03,3.6642E-03,3.2963E+01
3360,5.2402E-03,5.2892E-03,4.7716E+01
3365,7.1907E-03,7.2591E-03,6.5671E+01
3370,3.9389E-03,3.9770E-03,3.6080E+01
3375,8.4560E-03,8.5388E-03,7.7687E+01
3380,5.1115E-03,5.1624E-03,4.7099E+01
3385,7.4896E-03,7.5650E-03,6.9217E+01
3390,9.8552E-03,9.9552E-03,9.1348E+01
3395,9.5465E-03,9.6446E-03,8.8748E+01
3400,1.2509E-02,1.2638E-02,1.1663E+02
3405,4.4594E-03,4.5061E-03,4.1701E+01
3410,7.0802E-03,7.1547E-03,6.6403E+01
3415,7.2774E-03,7.3543E-03,6.8453E+01
3420,1.3165E-02,1.3305E-02,1.2420E+02
3425,1.0006E-02,1.0112E-02,9.4671E+01
3430,8.6892E-03,8.7810E-03,8.2452E+01
3435,1.1553E-02,1.1673E-02,1.0995E+02
3440,8.0348E-03,8.1181E-03,7.6688E+01
3445,1.1318E-02,1.1434E-02,1.0834E+02
3450,1.1153E-02,1.1267E-02,1.0707E+02
3455,8.3089E-03,8.3938E-03,7.9997E+01
3460,1.2530E-02,1.2657E-02,1.2099E+02
3465,9.8179E-03,9.9163E-03,9.5073E+01
3470,1.2264E-02,1.2386E-02,1.1910E+02
3475,1.0943E-02,1.1051E-02,1.0658E+02
3480,1.1224E-02,1.1335E-02,1.0963E+02
3485,1.2094E-02,1.2212E-02,1.1847E+02
3490,1.0419E-02,1.0520E-02,1.0236E+02
3495,1.2265E-02,1.2383E-02,1.2084E+02
3500,1.1917E-02,1.2032E-02,1.1774E+02
3505,1.1809E-02,1.1923E-02,1.1701E+02
3510,1.1963E-02,1.2077E-02,1.1887E+02
3515,1.1494E-02,1.1598E-02,1.1454E+02
3520,1.2122E-02,1.2226E-02,1.2114E+02
3525,1.1428E-02,1.1523E-02,1.1453E+02
3530,1.1127E-02,1.1217E-02,1.1183E+02
3535,9.4556E-03,9.5305E-03,9.5302E+01
3540,9.0310E-03,9.1011E-03,9.1280E+01
3545,9.5432E-03,9.6154E-03,9.6730E+01
3550,1.0538E-02,1.0616E-02,1.0711E+02
3555,9.0581E-03,9.1245E-03,9.2332E+01
3560,1.0795E-02,1.0872E-02,1.1035E+02
3565,1.0851E-02,1.0928E-02,1.1123E+02
3570,8.3376E-03,8.3951E-03,8.5706E+01
3575,8.6444E-03,8.7028E-03,8.9109E+01
3580,1.0187E-02,1.0255E-02,1.0530E+02
3585,9.1671E-03,9.2282E-03,9.5026E+01
3590,9.4523E-03,9.5145E-03,9.8256E+01
3595,9.6700E-03,9.7329E-03,1.0080E+02
3600,1.0262E-02,1.0328E-02,1.0727E+02
3605,1.0359E-02,1.0425E-02,1.0858E+02
3610,9.4787E-03,9.5385E-03,9.9632E+01
3615,9.4726E-03,9.5318E-03,9.9843E+01
3620,1.1614E-02,1.1686E-02,1.2275E+02
3625,1.0239E-02,1.0302E-02,1.0852E+02
3630,9.9550E-03,1.0016E-02,1.0580E+02
3635,1.0299E-02,1.0362E-02,1.0976E+02
3640,1.1480E-02,1.1549E-02,1.2268E+02
3645,1.0599E-02,1.0663E-02,1.1358E+02
3650,1.0123E-02,1.0183E-02,1.0877E+02
3655,1.0978E-02,1.1042E-02,1.1829E+02
3660,1.0914E-02,1.0978E-02,1.1792E+02
3665,1.0253E-02,1.0313E-02,1.1108E+02
3670,7.9003E-03,7.9464E-03,8.5824E+01
3675,4.8286E-03,4.8569E-03,5.2598E+01
3680,8.3312E-03,8.3789E-03,9.0999E+01
3685,9.4380E-03,9.4906E-03,1.0337E+02
3690,9.6922E-03,9.7458E-03,1.0644E+02
3695,1.0132E-02,1.0188E-02,1.1157E+02
3700,1.0878E-02,1.0937E-02,1.2011E+02
3705,1.0770E-02,1.0827E-02,1.1924E+02
3710,9.3640E-03,9.4130E-03,1.0395E+02
3715,9.2254E-03,9.2731E-03,1.0269E+02
3720,1.0376E-02,1.0429E-02,1.1581E+02
3725,1.0698E-02,1.0751E-02,1.1973E+02
3730,9.2707E-03,9.3169E-03,1.0403E+02
3735,8.5837E-03,8.6260E-03,9.6580E+01
3740,8.8494E-03,8.8923E-03,9.9837E+01
3745,1.0331E-02,1.0380E-02,1.1686E+02
3750,9.2903E-03,9.3341E-03,1.0537E+02
3755,8.9918E-03,9.0336E-03,1.0226E+02
3760,8.8633E-03,8.9041E-03,1.0107E+02
3765,8.5502E-03,8.5891E-03,9.7755E+01
3770,9.1243E-03,9.1649E-03,1.0460E+02
3775,9.0521E-03,9.0918E-03,1.0404E+02
3780,9.5746E-03,9.6158E-03,1.1034E+02
3785,8.8123E-03,8.8498E-03,1.0183E+02
3790,7.7564E-03,7.7891E-03,8.9861E+01
3795,8.8692E-03,8.9056E-03,1.0302E+02
3800,9.8592E-03,9.8988E-03,1.1483E+02
3805,9.3049E-03,9.3414E-03,1.0866E+02
3810,8.2451E-03,8.2771E-03,9.6534E+01
3815,7.7569E-03,7.7867E-03,9.1057E+01
3820,9.6550E-03,9.6908E-03,1.1364E+02
3825,9.5056E-03,9.5402E-03,1.1217E+02
3830,9.5925E-03,9.6268E-03,1.1349E+02
3835,7.6916E-03,7.7190E-03,9.1239E+01
3840,8.9756E-03,9.0066E-03,1.0675E+02
3845,8.7801E-03,8.8097E-03,1.0469E+02
3850,8.8274E-03,8.8569E-03,1.0553E+02
3855,8.5085E-03,8.5365E-03,1.0198E+02
3860,7.9940E-03,8.0197E-03,9.6067E+01
3865,8.0989E-03,8.1248E-03,9.7580E+01
3870,7.3604E-03,7.3839E-03,8.8911E+01
3875,6.7620E-03,6.7832E-03,8.1894E+01
3880,6.5340E-03,6.5543E-03,7.9337E+01
3885,6.7717E-03,6.7926E-03,8.2435E+01
3890,6.8818E-03,6.9028E-03,8.3991E+01
3895,7.4760E-03,7.4983E-03,9.1478E+01
3900,7.9254E-03,7.9487E-03,9.7226E+01
3905,7.9269E-03,7.9500E-03,9.7494E+01
3910,7.1353E-03,7.1560E-03,8.7983E+01
3915,6.9868E-03,7.0070E-03,8.6373E+01
3920,6.9466E-03,6.9665E-03,8.6095E+01
3925,6.8520E-03,6.8714E-03,8.5139E+01
3930,7.0502E-03,7.0699E-03,8.7825E+01
3935,7.3541E-03,7.3743E-03,9.1844E+01
3940,7.4027E-03,7.4228E-03,9.2686E+01
3945,7.5412E-03,7.5613E-03,9.4660E+01
3950,7.6277E-03,7.6475E-03,9.5989E+01
3955,7.7199E-03,7.7399E-03,9.7395E+01
3960,7.7482E-03,7.7679E-03,9.8000E+01
3965,7.8057E-03,7.8253E-03,9.8976E+01
3970,7.6806E-03,7.6997E-03,9.7636E+01
3975,7.5097E-03,7.5280E-03,9.5704E+01
3980,7.3872E-03,7.4049E-03,9.4380E+01
3985,7.4327E-03,7.4503E-03,9.5200E+01
3990,7.3723E-03,7.3894E-03,9.4663E+01
3995,7.2100E-03,7.2263E-03,9.2812E+01
4000,7.1043E-03,7.1199E-03,9.1680E+01
